,job_id,start_time,end_time,carbon_footprint,executors,duration
0,0,2025-01-01 03:21:32.568200,2024-12-31 21:27:54.964397,243.99266666666665,"[('27:37', 'task-simulation-27d98b941e9ddd57-exec-1'), ('27:37', 'task-simulation-27d98b941e9ddd57-exec-2'), ('27:39', 'task-simulation-27d98b941e9ddd57-exec-1'), ('27:39', 'task-simulation-27d98b941e9ddd57-exec-2'), ('27:39', 'task-simulation-27d98b941e9ddd57-exec-3'), ('27:39', 'task-simulation-27d98b941e9ddd57-exec-4'), ('27:41', 'task-simulation-27d98b941e9ddd57-exec-1'), ('27:41', 'task-simulation-27d98b941e9ddd57-exec-2'), ('27:41', 'task-simulation-27d98b941e9ddd57-exec-3'), ('27:41', 'task-simulation-27d98b941e9ddd57-exec-4'), ('27:42', 'task-simulation-27d98b941e9ddd57-exec-1'), ('27:43', 'task-simulation-27d98b941e9ddd57-exec-2'), ('27:43', 'task-simulation-27d98b941e9ddd57-exec-3'), ('27:43', 'task-simulation-27d98b941e9ddd57-exec-4'), ('27:44', 'task-simulation-27d98b941e9ddd57-exec-1'), ('27:44', 'task-simulation-27d98b941e9ddd57-exec-2'), ('27:45', 'task-simulation-27d98b941e9ddd57-exec-3'), ('27:45', 'task-simulation-27d98b941e9ddd57-exec-4'), ('27:46', 'task-simulation-27d98b941e9ddd57-exec-1'), ('27:46', 'task-simulation-27d98b941e9ddd57-exec-2'), ('27:46', 'task-simulation-27d98b941e9ddd57-exec-3'), ('27:47', 'task-simulation-27d98b941e9ddd57-exec-4'), ('27:48', 'task-simulation-27d98b941e9ddd57-exec-1'), ('27:48', 'task-simulation-27d98b941e9ddd57-exec-2'), ('27:49', 'task-simulation-27d98b941e9ddd57-exec-3'), ('27:49', 'task-simulation-27d98b941e9ddd57-exec-4')]",0 days 00:00:37.134243
1,1,2025-01-01 03:21:44.326060,2024-12-31 21:28:19.776703,37.53733333333333,"[('28:10', 'task-simulation-ff6a0f941e9e5e2e-exec-1'), ('28:11', 'task-simulation-ff6a0f941e9e5e2e-exec-1'), ('28:12', 'task-simulation-ff6a0f941e9e5e2e-exec-1'), ('28:14', 'task-simulation-ff6a0f941e9e5e2e-exec-1')]",0 days 00:00:29.495836
2,2,2025-01-01 03:23:31.430850,2024-12-31 21:29:03.405491,480.70633333333376,"[('28:33', 'task-simulation-bfc9ab941e9ebf5d-exec-1'), ('28:35', 'task-simulation-bfc9ab941e9ebf5d-exec-1'), ('28:36', 'task-simulation-bfc9ab941e9ebf5d-exec-1'), ('28:36', 'task-simulation-bfc9ab941e9ebf5d-exec-2'), ('28:36', 'task-simulation-bfc9ab941e9ebf5d-exec-3'), ('28:38', 'task-simulation-bfc9ab941e9ebf5d-exec-1'), ('28:38', 'task-simulation-bfc9ab941e9ebf5d-exec-2'), ('28:38', 'task-simulation-bfc9ab941e9ebf5d-exec-3'), ('28:38', 'task-simulation-bfc9ab941e9ebf5d-exec-4'), ('28:39', 'task-simulation-bfc9ab941e9ebf5d-exec-1'), ('28:40', 'task-simulation-bfc9ab941e9ebf5d-exec-2'), ('28:40', 'task-simulation-bfc9ab941e9ebf5d-exec-3'), ('28:40', 'task-simulation-bfc9ab941e9ebf5d-exec-4'), ('28:41', 'task-simulation-bfc9ab941e9ebf5d-exec-1'), ('28:42', 'task-simulation-bfc9ab941e9ebf5d-exec-2'), ('28:42', 'task-simulation-bfc9ab941e9ebf5d-exec-3'), ('28:42', 'task-simulation-bfc9ab941e9ebf5d-exec-4'), ('28:43', 'task-simulation-bfc9ab941e9ebf5d-exec-1'), ('28:44', 'task-simulation-bfc9ab941e9ebf5d-exec-2'), ('28:44', 'task-simulation-bfc9ab941e9ebf5d-exec-3'), ('28:44', 'task-simulation-bfc9ab941e9ebf5d-exec-4'), ('28:45', 'task-simulation-bfc9ab941e9ebf5d-exec-1'), ('28:46', 'task-simulation-bfc9ab941e9ebf5d-exec-2'), ('28:46', 'task-simulation-bfc9ab941e9ebf5d-exec-3'), ('28:46', 'task-simulation-bfc9ab941e9ebf5d-exec-4'), ('28:48', 'task-simulation-bfc9ab941e9ebf5d-exec-1'), ('28:48', 'task-simulation-bfc9ab941e9ebf5d-exec-2'), ('28:48', 'task-simulation-bfc9ab941e9ebf5d-exec-3'), ('28:48', 'task-simulation-bfc9ab941e9ebf5d-exec-4'), ('28:49', 'task-simulation-bfc9ab941e9ebf5d-exec-1'), ('28:50', 'task-simulation-bfc9ab941e9ebf5d-exec-2'), ('28:50', 'task-simulation-bfc9ab941e9ebf5d-exec-3'), ('28:50', 'task-simulation-bfc9ab941e9ebf5d-exec-4'), ('28:51', 'task-simulation-bfc9ab941e9ebf5d-exec-1'), ('28:52', 'task-simulation-bfc9ab941e9ebf5d-exec-2'), ('28:52', 'task-simulation-bfc9ab941e9ebf5d-exec-3'), ('28:52', 'task-simulation-bfc9ab941e9ebf5d-exec-4'), ('28:53', 'task-simulation-bfc9ab941e9ebf5d-exec-1'), ('28:53', 'task-simulation-bfc9ab941e9ebf5d-exec-2'), ('28:54', 'task-simulation-bfc9ab941e9ebf5d-exec-3'), ('28:54', 'task-simulation-bfc9ab941e9ebf5d-exec-4'), ('28:55', 'task-simulation-bfc9ab941e9ebf5d-exec-1'), ('28:55', 'task-simulation-bfc9ab941e9ebf5d-exec-2'), ('28:56', 'task-simulation-bfc9ab941e9ebf5d-exec-3'), ('28:56', 'task-simulation-bfc9ab941e9ebf5d-exec-4'), ('28:57', 'task-simulation-bfc9ab941e9ebf5d-exec-1'), ('28:57', 'task-simulation-bfc9ab941e9ebf5d-exec-2'), ('28:57', 'task-simulation-bfc9ab941e9ebf5d-exec-3'), ('28:58', 'task-simulation-bfc9ab941e9ebf5d-exec-4')]",0 days 00:00:47.138871
3,3,2025-01-01 03:24:54.432319,2024-12-31 21:29:17.852767,235.4480000000001,"[('29:00', 'task-simulation-5376fb941e9f2458-exec-1'), ('29:02', 'task-simulation-5376fb941e9f2458-exec-1'), ('29:02', 'task-simulation-5376fb941e9f2458-exec-2'), ('29:02', 'task-simulation-5376fb941e9f2458-exec-3'), ('29:03', 'task-simulation-5376fb941e9f2458-exec-1'), ('29:03', 'task-simulation-5376fb941e9f2458-exec-2'), ('29:04', 'task-simulation-5376fb941e9f2458-exec-3'), ('29:04', 'task-simulation-5376fb941e9f2458-exec-4'), ('29:05', 'task-simulation-5376fb941e9f2458-exec-1'), ('29:06', 'task-simulation-5376fb941e9f2458-exec-2'), ('29:06', 'task-simulation-5376fb941e9f2458-exec-3'), ('29:06', 'task-simulation-5376fb941e9f2458-exec-4'), ('29:07', 'task-simulation-5376fb941e9f2458-exec-1'), ('29:08', 'task-simulation-5376fb941e9f2458-exec-2'), ('29:08', 'task-simulation-5376fb941e9f2458-exec-3'), ('29:08', 'task-simulation-5376fb941e9f2458-exec-4'), ('29:09', 'task-simulation-5376fb941e9f2458-exec-1'), ('29:10', 'task-simulation-5376fb941e9f2458-exec-2'), ('29:10', 'task-simulation-5376fb941e9f2458-exec-3'), ('29:10', 'task-simulation-5376fb941e9f2458-exec-4'), ('29:11', 'task-simulation-5376fb941e9f2458-exec-1'), ('29:12', 'task-simulation-5376fb941e9f2458-exec-2'), ('29:12', 'task-simulation-5376fb941e9f2458-exec-3'), ('29:12', 'task-simulation-5376fb941e9f2458-exec-4')]",0 days 00:00:36.279661
4,4,2025-01-01 03:25:17.939148,2024-12-31 21:29:40.403507,256.2993333333332,"[('29:22', 'task-simulation-2e4120941e9f771b-exec-1'), ('29:22', 'task-simulation-2e4120941e9f771b-exec-3'), ('29:24', 'task-simulation-2e4120941e9f771b-exec-1'), ('29:24', 'task-simulation-2e4120941e9f771b-exec-2'), ('29:24', 'task-simulation-2e4120941e9f771b-exec-3'), ('29:24', 'task-simulation-2e4120941e9f771b-exec-4'), ('29:26', 'task-simulation-2e4120941e9f771b-exec-1'), ('29:26', 'task-simulation-2e4120941e9f771b-exec-2'), ('29:26', 'task-simulation-2e4120941e9f771b-exec-3'), ('29:26', 'task-simulation-2e4120941e9f771b-exec-4'), ('29:28', 'task-simulation-2e4120941e9f771b-exec-1'), ('29:28', 'task-simulation-2e4120941e9f771b-exec-2'), ('29:28', 'task-simulation-2e4120941e9f771b-exec-3'), ('29:28', 'task-simulation-2e4120941e9f771b-exec-4'), ('29:30', 'task-simulation-2e4120941e9f771b-exec-1'), ('29:30', 'task-simulation-2e4120941e9f771b-exec-2'), ('29:30', 'task-simulation-2e4120941e9f771b-exec-3'), ('29:30', 'task-simulation-2e4120941e9f771b-exec-4'), ('29:32', 'task-simulation-2e4120941e9f771b-exec-1'), ('29:32', 'task-simulation-2e4120941e9f771b-exec-2'), ('29:32', 'task-simulation-2e4120941e9f771b-exec-3'), ('29:32', 'task-simulation-2e4120941e9f771b-exec-4'), ('29:34', 'task-simulation-2e4120941e9f771b-exec-1'), ('29:34', 'task-simulation-2e4120941e9f771b-exec-2'), ('29:34', 'task-simulation-2e4120941e9f771b-exec-3'), ('29:34', 'task-simulation-2e4120941e9f771b-exec-4')]",0 days 00:00:38.720234
5,5,2025-01-01 03:25:23.696839,2024-12-31 21:29:50.056970,29.573,"[('29:41', 'task-simulation-93c378941e9fc852-exec-1'), ('29:43', 'task-simulation-93c378941e9fc852-exec-1'), ('29:44', 'task-simulation-93c378941e9fc852-exec-1')]",0 days 00:00:26.148406
6,6,2025-01-01 03:25:39.144172,2024-12-31 21:31:28.401493,40.678666666666665,"[('31:19', 'task-simulation-f7a640941ea147fe-exec-1'), ('31:21', 'task-simulation-f7a640941ea147fe-exec-1'), ('31:22', 'task-simulation-f7a640941ea147fe-exec-1'), ('31:24', 'task-simulation-f7a640941ea147fe-exec-1')]",0 days 00:00:25.988183
7,7,2025-01-01 03:28:41.403251,2024-12-31 21:32:50.068165,133.26733333333334,"[('32:37', 'task-simulation-cccd2f941ea27305-exec-1'), ('32:38', 'task-simulation-cccd2f941ea27305-exec-1'), ('32:38', 'task-simulation-cccd2f941ea27305-exec-2'), ('32:38', 'task-simulation-cccd2f941ea27305-exec-3'), ('32:40', 'task-simulation-cccd2f941ea27305-exec-1'), ('32:40', 'task-simulation-cccd2f941ea27305-exec-2'), ('32:40', 'task-simulation-cccd2f941ea27305-exec-3'), ('32:42', 'task-simulation-cccd2f941ea27305-exec-1'), ('32:42', 'task-simulation-cccd2f941ea27305-exec-2'), ('32:42', 'task-simulation-cccd2f941ea27305-exec-3'), ('32:44', 'task-simulation-cccd2f941ea27305-exec-1'), ('32:44', 'task-simulation-cccd2f941ea27305-exec-2'), ('32:44', 'task-simulation-cccd2f941ea27305-exec-3')]",0 days 00:00:31.904503
8,8,2025-01-01 03:29:09.459088,2024-12-31 21:32:50.068244,20.502666666666663,"[('32:42', 'task-simulation-7ccfbb941ea28422-exec-1'), ('32:44', 'task-simulation-7ccfbb941ea28422-exec-1')]",0 days 00:00:28.358931
9,9,2025-01-01 03:30:02.170083,2024-12-31 21:33:30.708597,257.3033333333334,"[('33:14', 'task-simulation-53c3b3941ea3014a-exec-1'), ('33:16', 'task-simulation-53c3b3941ea3014a-exec-1'), ('33:16', 'task-simulation-53c3b3941ea3014a-exec-2'), ('33:16', 'task-simulation-53c3b3941ea3014a-exec-3'), ('33:16', 'task-simulation-53c3b3941ea3014a-exec-4'), ('33:18', 'task-simulation-53c3b3941ea3014a-exec-1'), ('33:18', 'task-simulation-53c3b3941ea3014a-exec-2'), ('33:18', 'task-simulation-53c3b3941ea3014a-exec-3'), ('33:18', 'task-simulation-53c3b3941ea3014a-exec-4'), ('33:20', 'task-simulation-53c3b3941ea3014a-exec-1'), ('33:20', 'task-simulation-53c3b3941ea3014a-exec-2'), ('33:20', 'task-simulation-53c3b3941ea3014a-exec-3'), ('33:20', 'task-simulation-53c3b3941ea3014a-exec-4'), ('33:21', 'task-simulation-53c3b3941ea3014a-exec-1'), ('33:22', 'task-simulation-53c3b3941ea3014a-exec-2'), ('33:22', 'task-simulation-53c3b3941ea3014a-exec-3'), ('33:22', 'task-simulation-53c3b3941ea3014a-exec-4'), ('33:23', 'task-simulation-53c3b3941ea3014a-exec-1'), ('33:24', 'task-simulation-53c3b3941ea3014a-exec-2'), ('33:24', 'task-simulation-53c3b3941ea3014a-exec-3'), ('33:24', 'task-simulation-53c3b3941ea3014a-exec-4'), ('33:26', 'task-simulation-53c3b3941ea3014a-exec-1'), ('33:26', 'task-simulation-53c3b3941ea3014a-exec-2'), ('33:26', 'task-simulation-53c3b3941ea3014a-exec-3'), ('33:27', 'task-simulation-53c3b3941ea3014a-exec-4')]",0 days 00:00:36.010067
10,10,2025-01-01 03:31:09.836854,2024-12-31 21:33:43.758345,206.0466666666667,"[('33:28', 'task-simulation-725c6f941ea332ff-exec-1'), ('33:29', 'task-simulation-725c6f941ea332ff-exec-2'), ('33:29', 'task-simulation-725c6f941ea332ff-exec-3'), ('33:29', 'task-simulation-725c6f941ea332ff-exec-4'), ('33:31', 'task-simulation-725c6f941ea332ff-exec-1'), ('33:31', 'task-simulation-725c6f941ea332ff-exec-2'), ('33:31', 'task-simulation-725c6f941ea332ff-exec-3'), ('33:32', 'task-simulation-725c6f941ea332ff-exec-4'), ('33:33', 'task-simulation-725c6f941ea332ff-exec-1'), ('33:33', 'task-simulation-725c6f941ea332ff-exec-2'), ('33:34', 'task-simulation-725c6f941ea332ff-exec-3'), ('33:34', 'task-simulation-725c6f941ea332ff-exec-4'), ('33:35', 'task-simulation-725c6f941ea332ff-exec-1'), ('33:35', 'task-simulation-725c6f941ea332ff-exec-2'), ('33:35', 'task-simulation-725c6f941ea332ff-exec-3'), ('33:36', 'task-simulation-725c6f941ea332ff-exec-4'), ('33:37', 'task-simulation-725c6f941ea332ff-exec-1'), ('33:37', 'task-simulation-725c6f941ea332ff-exec-2'), ('33:37', 'task-simulation-725c6f941ea332ff-exec-3'), ('33:38', 'task-simulation-725c6f941ea332ff-exec-4')]",0 days 00:00:36.363181
11,11,2025-01-01 03:31:21.194151,2024-12-31 21:33:54.382382,41.20933333333333,"[('33:44', 'task-simulation-9ef57e941ea37bd2-exec-1'), ('33:45', 'task-simulation-9ef57e941ea37bd2-exec-1'), ('33:47', 'task-simulation-9ef57e941ea37bd2-exec-1'), ('33:49', 'task-simulation-9ef57e941ea37bd2-exec-1')]",0 days 00:00:30.875085
12,12,2025-01-01 03:32:23.865644,2024-12-31 21:34:18.587378,597.5353333333326,"[('33:46', 'task-simulation-2293df941ea37e72-exec-1'), ('33:47', 'task-simulation-2293df941ea37e72-exec-3'), ('33:48', 'task-simulation-2293df941ea37e72-exec-1'), ('33:48', 'task-simulation-2293df941ea37e72-exec-2'), ('33:49', 'task-simulation-2293df941ea37e72-exec-3'), ('33:49', 'task-simulation-2293df941ea37e72-exec-4'), ('33:50', 'task-simulation-2293df941ea37e72-exec-1'), ('33:51', 'task-simulation-2293df941ea37e72-exec-2'), ('33:51', 'task-simulation-2293df941ea37e72-exec-3'), ('33:51', 'task-simulation-2293df941ea37e72-exec-4'), ('33:52', 'task-simulation-2293df941ea37e72-exec-1'), ('33:52', 'task-simulation-2293df941ea37e72-exec-2'), ('33:53', 'task-simulation-2293df941ea37e72-exec-3'), ('33:53', 'task-simulation-2293df941ea37e72-exec-4'), ('33:54', 'task-simulation-2293df941ea37e72-exec-1'), ('33:54', 'task-simulation-2293df941ea37e72-exec-2'), ('33:55', 'task-simulation-2293df941ea37e72-exec-3'), ('33:55', 'task-simulation-2293df941ea37e72-exec-4'), ('33:56', 'task-simulation-2293df941ea37e72-exec-1'), ('33:56', 'task-simulation-2293df941ea37e72-exec-2'), ('33:56', 'task-simulation-2293df941ea37e72-exec-3'), ('33:57', 'task-simulation-2293df941ea37e72-exec-4'), ('33:58', 'task-simulation-2293df941ea37e72-exec-1'), ('33:58', 'task-simulation-2293df941ea37e72-exec-2'), ('33:58', 'task-simulation-2293df941ea37e72-exec-3'), ('33:59', 'task-simulation-2293df941ea37e72-exec-4'), ('34:00', 'task-simulation-2293df941ea37e72-exec-1'), ('34:00', 'task-simulation-2293df941ea37e72-exec-2'), ('34:00', 'task-simulation-2293df941ea37e72-exec-3'), ('34:00', 'task-simulation-2293df941ea37e72-exec-4'), ('34:02', 'task-simulation-2293df941ea37e72-exec-1'), ('34:02', 'task-simulation-2293df941ea37e72-exec-2'), ('34:02', 'task-simulation-2293df941ea37e72-exec-3'), ('34:02', 'task-simulation-2293df941ea37e72-exec-4'), ('34:04', 'task-simulation-2293df941ea37e72-exec-1'), ('34:04', 'task-simulation-2293df941ea37e72-exec-2'), ('34:04', 'task-simulation-2293df941ea37e72-exec-3'), ('34:04', 'task-simulation-2293df941ea37e72-exec-4'), ('34:05', 'task-simulation-2293df941ea37e72-exec-1'), ('34:06', 'task-simulation-2293df941ea37e72-exec-2'), ('34:06', 'task-simulation-2293df941ea37e72-exec-3'), ('34:06', 'task-simulation-2293df941ea37e72-exec-4'), ('34:07', 'task-simulation-2293df941ea37e72-exec-1'), ('34:08', 'task-simulation-2293df941ea37e72-exec-2'), ('34:08', 'task-simulation-2293df941ea37e72-exec-3'), ('34:08', 'task-simulation-2293df941ea37e72-exec-4'), ('34:09', 'task-simulation-2293df941ea37e72-exec-1'), ('34:09', 'task-simulation-2293df941ea37e72-exec-2'), ('34:10', 'task-simulation-2293df941ea37e72-exec-3'), ('34:10', 'task-simulation-2293df941ea37e72-exec-4'), ('34:11', 'task-simulation-2293df941ea37e72-exec-1'), ('34:11', 'task-simulation-2293df941ea37e72-exec-2'), ('34:12', 'task-simulation-2293df941ea37e72-exec-3'), ('34:12', 'task-simulation-2293df941ea37e72-exec-4'), ('34:13', 'task-simulation-2293df941ea37e72-exec-1'), ('34:13', 'task-simulation-2293df941ea37e72-exec-2'), ('34:13', 'task-simulation-2293df941ea37e72-exec-3'), ('34:14', 'task-simulation-2293df941ea37e72-exec-4')]",0 days 00:00:52.823560
13,13,2025-01-01 03:33:02.494816,2024-12-31 21:35:27.649101,29.299,"[('35:19', 'task-simulation-7cd123941ea4e7d9-exec-1'), ('35:20', 'task-simulation-7cd123941ea4e7d9-exec-1'), ('35:22', 'task-simulation-7cd123941ea4e7d9-exec-1')]",0 days 00:00:28.246579
14,14,2025-01-01 03:33:36.410225,2024-12-31 21:38:25.210591,22.142,"[('38:18', 'task-simulation-bcede3941ea7a776-exec-1'), ('38:20', 'task-simulation-bcede3941ea7a776-exec-1'), ('38:21', 'task-simulation-bcede3941ea7a776-exec-1')]",0 days 00:00:26.093175
15,15,2025-01-01 03:33:56.141734,2024-12-31 21:38:29.141108,22.142,"[('38:19', 'task-simulation-24c7f8941ea7afaf-exec-1'), ('38:21', 'task-simulation-24c7f8941ea7afaf-exec-1'), ('38:22', 'task-simulation-24c7f8941ea7afaf-exec-1')]",0 days 00:00:28.891625
16,16,2025-01-01 03:34:58.932901,2024-12-31 21:38:36.866881,29.522666666666662,"[('38:28', 'task-simulation-e3df48941ea7cdf1-exec-1'), ('38:29', 'task-simulation-e3df48941ea7cdf1-exec-1'), ('38:30', 'task-simulation-e3df48941ea7cdf1-exec-1'), ('38:32', 'task-simulation-e3df48941ea7cdf1-exec-1')]",0 days 00:00:27.026660
17,17,2025-01-01 03:37:17.622151,2024-12-31 21:38:52.400409,95.9486666666667,"[('38:41', 'task-simulation-a4216e941ea801c6-exec-1'), ('38:43', 'task-simulation-a4216e941ea801c6-exec-1'), ('38:43', 'task-simulation-a4216e941ea801c6-exec-2'), ('38:43', 'task-simulation-a4216e941ea801c6-exec-3'), ('38:43', 'task-simulation-a4216e941ea801c6-exec-4'), ('38:45', 'task-simulation-a4216e941ea801c6-exec-1'), ('38:45', 'task-simulation-a4216e941ea801c6-exec-2'), ('38:45', 'task-simulation-a4216e941ea801c6-exec-3'), ('38:45', 'task-simulation-a4216e941ea801c6-exec-4'), ('38:47', 'task-simulation-a4216e941ea801c6-exec-1'), ('38:47', 'task-simulation-a4216e941ea801c6-exec-2'), ('38:47', 'task-simulation-a4216e941ea801c6-exec-3'), ('38:47', 'task-simulation-a4216e941ea801c6-exec-4')]",0 days 00:00:29.816260
18,18,2025-01-01 03:37:23.446933,2024-12-31 21:39:27.553205,463.2406666666667,"[('38:51', 'task-simulation-86eec8941ea827aa-exec-1'), ('38:52', 'task-simulation-86eec8941ea827aa-exec-1'), ('38:52', 'task-simulation-86eec8941ea827aa-exec-2'), ('38:53', 'task-simulation-86eec8941ea827aa-exec-3'), ('38:54', 'task-simulation-86eec8941ea827aa-exec-1'), ('38:54', 'task-simulation-86eec8941ea827aa-exec-2'), ('38:54', 'task-simulation-86eec8941ea827aa-exec-3'), ('38:55', 'task-simulation-86eec8941ea827aa-exec-4'), ('38:56', 'task-simulation-86eec8941ea827aa-exec-1'), ('38:56', 'task-simulation-86eec8941ea827aa-exec-2'), ('38:56', 'task-simulation-86eec8941ea827aa-exec-3'), ('38:56', 'task-simulation-86eec8941ea827aa-exec-4'), ('38:58', 'task-simulation-86eec8941ea827aa-exec-1'), ('38:58', 'task-simulation-86eec8941ea827aa-exec-2'), ('38:58', 'task-simulation-86eec8941ea827aa-exec-3'), ('38:58', 'task-simulation-86eec8941ea827aa-exec-4'), ('39:00', 'task-simulation-86eec8941ea827aa-exec-1'), ('39:00', 'task-simulation-86eec8941ea827aa-exec-2'), ('39:00', 'task-simulation-86eec8941ea827aa-exec-3'), ('39:00', 'task-simulation-86eec8941ea827aa-exec-4'), ('39:02', 'task-simulation-86eec8941ea827aa-exec-1'), ('39:02', 'task-simulation-86eec8941ea827aa-exec-2'), ('39:02', 'task-simulation-86eec8941ea827aa-exec-3'), ('39:02', 'task-simulation-86eec8941ea827aa-exec-4'), ('39:04', 'task-simulation-86eec8941ea827aa-exec-1'), ('39:04', 'task-simulation-86eec8941ea827aa-exec-2'), ('39:04', 'task-simulation-86eec8941ea827aa-exec-3'), ('39:04', 'task-simulation-86eec8941ea827aa-exec-4'), ('39:06', 'task-simulation-86eec8941ea827aa-exec-1'), ('39:06', 'task-simulation-86eec8941ea827aa-exec-2'), ('39:06', 'task-simulation-86eec8941ea827aa-exec-3'), ('39:06', 'task-simulation-86eec8941ea827aa-exec-4'), ('39:07', 'task-simulation-86eec8941ea827aa-exec-1'), ('39:08', 'task-simulation-86eec8941ea827aa-exec-2'), ('39:08', 'task-simulation-86eec8941ea827aa-exec-3'), ('39:08', 'task-simulation-86eec8941ea827aa-exec-4'), ('39:09', 'task-simulation-86eec8941ea827aa-exec-1'), ('39:10', 'task-simulation-86eec8941ea827aa-exec-2'), ('39:10', 'task-simulation-86eec8941ea827aa-exec-3'), ('39:10', 'task-simulation-86eec8941ea827aa-exec-4'), ('39:11', 'task-simulation-86eec8941ea827aa-exec-1'), ('39:11', 'task-simulation-86eec8941ea827aa-exec-2'), ('39:12', 'task-simulation-86eec8941ea827aa-exec-3'), ('39:12', 'task-simulation-86eec8941ea827aa-exec-4'), ('39:13', 'task-simulation-86eec8941ea827aa-exec-1'), ('39:13', 'task-simulation-86eec8941ea827aa-exec-2'), ('39:13', 'task-simulation-86eec8941ea827aa-exec-3'), ('39:14', 'task-simulation-86eec8941ea827aa-exec-4'), ('39:15', 'task-simulation-86eec8941ea827aa-exec-1'), ('39:15', 'task-simulation-86eec8941ea827aa-exec-2'), ('39:15', 'task-simulation-86eec8941ea827aa-exec-3'), ('39:16', 'task-simulation-86eec8941ea827aa-exec-4'), ('39:17', 'task-simulation-86eec8941ea827aa-exec-1'), ('39:17', 'task-simulation-86eec8941ea827aa-exec-2'), ('39:17', 'task-simulation-86eec8941ea827aa-exec-3'), ('39:17', 'task-simulation-86eec8941ea827aa-exec-4'), ('39:19', 'task-simulation-86eec8941ea827aa-exec-1'), ('39:19', 'task-simulation-86eec8941ea827aa-exec-2'), ('39:19', 'task-simulation-86eec8941ea827aa-exec-3'), ('39:19', 'task-simulation-86eec8941ea827aa-exec-4'), ('39:21', 'task-simulation-86eec8941ea827aa-exec-1'), ('39:21', 'task-simulation-86eec8941ea827aa-exec-2'), ('39:21', 'task-simulation-86eec8941ea827aa-exec-3'), ('39:21', 'task-simulation-86eec8941ea827aa-exec-4')]",0 days 00:00:55.653405
19,19,2025-01-01 03:37:38.661855,2024-12-31 21:40:16.702953,19.8615,"[('40:08', 'task-simulation-91ae3a941ea95558-exec-1'), ('40:09', 'task-simulation-91ae3a941ea95558-exec-1'), ('40:11', 'task-simulation-91ae3a941ea95558-exec-1')]",0 days 00:00:27.257004
20,20,2025-01-01 03:37:52.242231,2024-12-31 21:44:33.017259,22.746,"[('44:23', 'task-simulation-cda2d6941ead3db2-exec-1'), ('44:24', 'task-simulation-cda2d6941ead3db2-exec-1'), ('44:26', 'task-simulation-cda2d6941ead3db2-exec-1'), ('44:27', 'task-simulation-cda2d6941ead3db2-exec-1')]",0 days 00:00:27.399146
21,21,2025-01-01 03:39:34.369785,2024-12-31 21:45:54.228582,17.7435,"[('45:45', 'task-simulation-edb677941eae7b73-exec-1'), ('45:47', 'task-simulation-edb677941eae7b73-exec-1'), ('45:48', 'task-simulation-edb677941eae7b73-exec-1')]",0 days 00:00:27.289996
22,22,2025-01-01 03:41:34.406302,2024-12-31 21:46:59.780423,99.0533333333333,"[('46:48', 'task-simulation-fd7229941eaf6e54-exec-1'), ('46:50', 'task-simulation-fd7229941eaf6e54-exec-1'), ('46:50', 'task-simulation-fd7229941eaf6e54-exec-2'), ('46:50', 'task-simulation-fd7229941eaf6e54-exec-3'), ('46:52', 'task-simulation-fd7229941eaf6e54-exec-1'), ('46:52', 'task-simulation-fd7229941eaf6e54-exec-2'), ('46:52', 'task-simulation-fd7229941eaf6e54-exec-3'), ('46:52', 'task-simulation-fd7229941eaf6e54-exec-4'), ('46:54', 'task-simulation-fd7229941eaf6e54-exec-1'), ('46:54', 'task-simulation-fd7229941eaf6e54-exec-2'), ('46:54', 'task-simulation-fd7229941eaf6e54-exec-3'), ('46:54', 'task-simulation-fd7229941eaf6e54-exec-4'), ('46:55', 'task-simulation-fd7229941eaf6e54-exec-1'), ('46:56', 'task-simulation-fd7229941eaf6e54-exec-2'), ('46:56', 'task-simulation-fd7229941eaf6e54-exec-3'), ('46:56', 'task-simulation-fd7229941eaf6e54-exec-4')]",0 days 00:00:29.972727
23,23,2025-01-01 03:41:53.470316,2024-12-31 21:47:58.760952,204.80666666666656,"[('47:40', 'task-simulation-38d0ae941eb036c4-exec-1'), ('47:40', 'task-simulation-38d0ae941eb036c4-exec-2'), ('47:40', 'task-simulation-38d0ae941eb036c4-exec-3'), ('47:42', 'task-simulation-38d0ae941eb036c4-exec-1'), ('47:42', 'task-simulation-38d0ae941eb036c4-exec-2'), ('47:42', 'task-simulation-38d0ae941eb036c4-exec-3'), ('47:42', 'task-simulation-38d0ae941eb036c4-exec-4'), ('47:44', 'task-simulation-38d0ae941eb036c4-exec-1'), ('47:44', 'task-simulation-38d0ae941eb036c4-exec-2'), ('47:44', 'task-simulation-38d0ae941eb036c4-exec-3'), ('47:44', 'task-simulation-38d0ae941eb036c4-exec-4'), ('47:45', 'task-simulation-38d0ae941eb036c4-exec-1'), ('47:46', 'task-simulation-38d0ae941eb036c4-exec-2'), ('47:46', 'task-simulation-38d0ae941eb036c4-exec-3'), ('47:46', 'task-simulation-38d0ae941eb036c4-exec-4'), ('47:47', 'task-simulation-38d0ae941eb036c4-exec-1'), ('47:48', 'task-simulation-38d0ae941eb036c4-exec-2'), ('47:48', 'task-simulation-38d0ae941eb036c4-exec-3'), ('47:48', 'task-simulation-38d0ae941eb036c4-exec-4'), ('47:49', 'task-simulation-38d0ae941eb036c4-exec-1'), ('47:50', 'task-simulation-38d0ae941eb036c4-exec-2'), ('47:50', 'task-simulation-38d0ae941eb036c4-exec-3'), ('47:50', 'task-simulation-38d0ae941eb036c4-exec-4'), ('47:51', 'task-simulation-38d0ae941eb036c4-exec-1'), ('47:52', 'task-simulation-38d0ae941eb036c4-exec-2'), ('47:52', 'task-simulation-38d0ae941eb036c4-exec-3'), ('47:52', 'task-simulation-38d0ae941eb036c4-exec-4'), ('47:53', 'task-simulation-38d0ae941eb036c4-exec-1'), ('47:53', 'task-simulation-38d0ae941eb036c4-exec-2'), ('47:54', 'task-simulation-38d0ae941eb036c4-exec-3'), ('47:54', 'task-simulation-38d0ae941eb036c4-exec-4')]",0 days 00:00:38.405988
24,24,2025-01-01 03:41:57.426958,2024-12-31 21:50:44.326849,152.17100000000005,"[('50:30', 'task-simulation-fa3abd941eb2d33a-exec-1'), ('50:31', 'task-simulation-fa3abd941eb2d33a-exec-1'), ('50:31', 'task-simulation-fa3abd941eb2d33a-exec-2'), ('50:33', 'task-simulation-fa3abd941eb2d33a-exec-1'), ('50:33', 'task-simulation-fa3abd941eb2d33a-exec-2'), ('50:33', 'task-simulation-fa3abd941eb2d33a-exec-3'), ('50:33', 'task-simulation-fa3abd941eb2d33a-exec-4'), ('50:35', 'task-simulation-fa3abd941eb2d33a-exec-1'), ('50:35', 'task-simulation-fa3abd941eb2d33a-exec-2'), ('50:35', 'task-simulation-fa3abd941eb2d33a-exec-3'), ('50:35', 'task-simulation-fa3abd941eb2d33a-exec-4'), ('50:37', 'task-simulation-fa3abd941eb2d33a-exec-1'), ('50:37', 'task-simulation-fa3abd941eb2d33a-exec-2'), ('50:37', 'task-simulation-fa3abd941eb2d33a-exec-3'), ('50:37', 'task-simulation-fa3abd941eb2d33a-exec-4'), ('50:39', 'task-simulation-fa3abd941eb2d33a-exec-1'), ('50:39', 'task-simulation-fa3abd941eb2d33a-exec-2'), ('50:39', 'task-simulation-fa3abd941eb2d33a-exec-3'), ('50:39', 'task-simulation-fa3abd941eb2d33a-exec-4')]",0 days 00:00:32.320113
25,25,2025-01-01 03:42:13.202659,2024-12-31 21:51:03.654479,232.2610000000002,"[('50:45', 'task-simulation-9146d5941eb30f5f-exec-1'), ('50:47', 'task-simulation-9146d5941eb30f5f-exec-1'), ('50:47', 'task-simulation-9146d5941eb30f5f-exec-2'), ('50:47', 'task-simulation-9146d5941eb30f5f-exec-3'), ('50:47', 'task-simulation-9146d5941eb30f5f-exec-4'), ('50:49', 'task-simulation-9146d5941eb30f5f-exec-1'), ('50:49', 'task-simulation-9146d5941eb30f5f-exec-2'), ('50:49', 'task-simulation-9146d5941eb30f5f-exec-3'), ('50:49', 'task-simulation-9146d5941eb30f5f-exec-4'), ('50:50', 'task-simulation-9146d5941eb30f5f-exec-1'), ('50:51', 'task-simulation-9146d5941eb30f5f-exec-2'), ('50:51', 'task-simulation-9146d5941eb30f5f-exec-3'), ('50:51', 'task-simulation-9146d5941eb30f5f-exec-4'), ('50:52', 'task-simulation-9146d5941eb30f5f-exec-1'), ('50:52', 'task-simulation-9146d5941eb30f5f-exec-2'), ('50:53', 'task-simulation-9146d5941eb30f5f-exec-3'), ('50:53', 'task-simulation-9146d5941eb30f5f-exec-4'), ('50:54', 'task-simulation-9146d5941eb30f5f-exec-1'), ('50:54', 'task-simulation-9146d5941eb30f5f-exec-2'), ('50:54', 'task-simulation-9146d5941eb30f5f-exec-3'), ('50:55', 'task-simulation-9146d5941eb30f5f-exec-4'), ('50:56', 'task-simulation-9146d5941eb30f5f-exec-1'), ('50:56', 'task-simulation-9146d5941eb30f5f-exec-2'), ('50:56', 'task-simulation-9146d5941eb30f5f-exec-3'), ('50:57', 'task-simulation-9146d5941eb30f5f-exec-4'), ('50:58', 'task-simulation-9146d5941eb30f5f-exec-1'), ('50:58', 'task-simulation-9146d5941eb30f5f-exec-2'), ('50:58', 'task-simulation-9146d5941eb30f5f-exec-3'), ('50:59', 'task-simulation-9146d5941eb30f5f-exec-4')]",0 days 00:00:36.336901
26,26,2025-01-01 03:42:55.053704,2024-12-31 21:51:45.043210,33.04266666666666,"[('51:36', 'task-simulation-c234a1941eb3d47a-exec-1'), ('51:37', 'task-simulation-c234a1941eb3d47a-exec-1'), ('51:39', 'task-simulation-c234a1941eb3d47a-exec-1'), ('51:40', 'task-simulation-c234a1941eb3d47a-exec-1')]",0 days 00:00:27.520030
27,28,2025-01-01 03:43:03.912310,2024-12-31 21:53:36.808088,180.73000000000005,"[('53:21', 'task-simulation-7c745e941eb56c74-exec-1'), ('53:21', 'task-simulation-7c745e941eb56c74-exec-2'), ('53:22', 'task-simulation-7c745e941eb56c74-exec-1'), ('53:23', 'task-simulation-7c745e941eb56c74-exec-2'), ('53:23', 'task-simulation-7c745e941eb56c74-exec-3'), ('53:23', 'task-simulation-7c745e941eb56c74-exec-4'), ('53:25', 'task-simulation-7c745e941eb56c74-exec-1'), ('53:25', 'task-simulation-7c745e941eb56c74-exec-2'), ('53:25', 'task-simulation-7c745e941eb56c74-exec-3'), ('53:25', 'task-simulation-7c745e941eb56c74-exec-4'), ('53:27', 'task-simulation-7c745e941eb56c74-exec-1'), ('53:27', 'task-simulation-7c745e941eb56c74-exec-2'), ('53:27', 'task-simulation-7c745e941eb56c74-exec-3'), ('53:27', 'task-simulation-7c745e941eb56c74-exec-4'), ('53:29', 'task-simulation-7c745e941eb56c74-exec-1'), ('53:29', 'task-simulation-7c745e941eb56c74-exec-2'), ('53:30', 'task-simulation-7c745e941eb56c74-exec-3'), ('53:30', 'task-simulation-7c745e941eb56c74-exec-4'), ('53:31', 'task-simulation-7c745e941eb56c74-exec-1'), ('53:31', 'task-simulation-7c745e941eb56c74-exec-2'), ('53:32', 'task-simulation-7c745e941eb56c74-exec-3'), ('53:32', 'task-simulation-7c745e941eb56c74-exec-4')]",0 days 00:00:35.746376
28,29,2025-01-01 03:44:09.741923,2024-12-31 21:53:33.326895,24.645,"[('53:23', 'task-simulation-f390d2941eb57737-exec-1'), ('53:26', 'task-simulation-f390d2941eb57737-exec-1'), ('53:28', 'task-simulation-f390d2941eb57737-exec-1')]",0 days 00:00:29.919941
29,30,2025-01-01 03:45:38.130540,2024-12-31 21:54:04.468377,90.36500000000002,"[('53:44', 'task-simulation-5dd8e1941eb5c81b-exec-1'), ('53:45', 'task-simulation-5dd8e1941eb5c81b-exec-1'), ('53:47', 'task-simulation-5dd8e1941eb5c81b-exec-1'), ('53:48', 'task-simulation-5dd8e1941eb5c81b-exec-1'), ('53:49', 'task-simulation-5dd8e1941eb5c81b-exec-1'), ('53:51', 'task-simulation-5dd8e1941eb5c81b-exec-1'), ('53:52', 'task-simulation-5dd8e1941eb5c81b-exec-1'), ('53:53', 'task-simulation-5dd8e1941eb5c81b-exec-1'), ('53:55', 'task-simulation-5dd8e1941eb5c81b-exec-1'), ('53:56', 'task-simulation-5dd8e1941eb5c81b-exec-1'), ('53:58', 'task-simulation-5dd8e1941eb5c81b-exec-1')]",0 days 00:00:39.595916
30,31,2025-01-01 03:45:59.411943,2024-12-31 21:55:24.390605,1334.8741666666658,"[('53:57', 'task-simulation-8c74e0941eb5f4a1-exec-1'), ('53:58', 'task-simulation-8c74e0941eb5f4a1-exec-1'), ('53:58', 'task-simulation-8c74e0941eb5f4a1-exec-2'), ('53:59', 'task-simulation-8c74e0941eb5f4a1-exec-3'), ('53:59', 'task-simulation-8c74e0941eb5f4a1-exec-4'), ('54:00', 'task-simulation-8c74e0941eb5f4a1-exec-1'), ('54:01', 'task-simulation-8c74e0941eb5f4a1-exec-2'), ('54:01', 'task-simulation-8c74e0941eb5f4a1-exec-3'), ('54:01', 'task-simulation-8c74e0941eb5f4a1-exec-4'), ('54:02', 'task-simulation-8c74e0941eb5f4a1-exec-1'), ('54:03', 'task-simulation-8c74e0941eb5f4a1-exec-2'), ('54:03', 'task-simulation-8c74e0941eb5f4a1-exec-3'), ('54:03', 'task-simulation-8c74e0941eb5f4a1-exec-4'), ('54:04', 'task-simulation-8c74e0941eb5f4a1-exec-1'), ('54:05', 'task-simulation-8c74e0941eb5f4a1-exec-2'), ('54:05', 'task-simulation-8c74e0941eb5f4a1-exec-3'), ('54:05', 'task-simulation-8c74e0941eb5f4a1-exec-4'), ('54:06', 'task-simulation-8c74e0941eb5f4a1-exec-1'), ('54:06', 'task-simulation-8c74e0941eb5f4a1-exec-2'), ('54:07', 'task-simulation-8c74e0941eb5f4a1-exec-3'), ('54:07', 'task-simulation-8c74e0941eb5f4a1-exec-4'), ('54:08', 'task-simulation-8c74e0941eb5f4a1-exec-1'), ('54:08', 'task-simulation-8c74e0941eb5f4a1-exec-2'), ('54:09', 'task-simulation-8c74e0941eb5f4a1-exec-3'), ('54:09', 'task-simulation-8c74e0941eb5f4a1-exec-4'), ('54:10', 'task-simulation-8c74e0941eb5f4a1-exec-1'), ('54:10', 'task-simulation-8c74e0941eb5f4a1-exec-2'), ('54:10', 'task-simulation-8c74e0941eb5f4a1-exec-3'), ('54:11', 'task-simulation-8c74e0941eb5f4a1-exec-4'), ('54:12', 'task-simulation-8c74e0941eb5f4a1-exec-1'), ('54:12', 'task-simulation-8c74e0941eb5f4a1-exec-2'), ('54:12', 'task-simulation-8c74e0941eb5f4a1-exec-3'), ('54:13', 'task-simulation-8c74e0941eb5f4a1-exec-4'), ('54:14', 'task-simulation-8c74e0941eb5f4a1-exec-1'), ('54:14', 'task-simulation-8c74e0941eb5f4a1-exec-2'), ('54:14', 'task-simulation-8c74e0941eb5f4a1-exec-3'), ('54:14', 'task-simulation-8c74e0941eb5f4a1-exec-4'), ('54:16', 'task-simulation-8c74e0941eb5f4a1-exec-1'), ('54:16', 'task-simulation-8c74e0941eb5f4a1-exec-2'), ('54:16', 'task-simulation-8c74e0941eb5f4a1-exec-3'), ('54:16', 'task-simulation-8c74e0941eb5f4a1-exec-4'), ('54:18', 'task-simulation-8c74e0941eb5f4a1-exec-1'), ('54:19', 'task-simulation-8c74e0941eb5f4a1-exec-2'), ('54:19', 'task-simulation-8c74e0941eb5f4a1-exec-3'), ('54:19', 'task-simulation-8c74e0941eb5f4a1-exec-4'), ('54:21', 'task-simulation-8c74e0941eb5f4a1-exec-1'), ('54:21', 'task-simulation-8c74e0941eb5f4a1-exec-2'), ('54:22', 'task-simulation-8c74e0941eb5f4a1-exec-3'), ('54:22', 'task-simulation-8c74e0941eb5f4a1-exec-4'), ('54:24', 'task-simulation-8c74e0941eb5f4a1-exec-1'), ('54:24', 'task-simulation-8c74e0941eb5f4a1-exec-2'), ('54:24', 'task-simulation-8c74e0941eb5f4a1-exec-3'), ('54:24', 'task-simulation-8c74e0941eb5f4a1-exec-4'), ('54:27', 'task-simulation-8c74e0941eb5f4a1-exec-1'), ('54:27', 'task-simulation-8c74e0941eb5f4a1-exec-2'), ('54:27', 'task-simulation-8c74e0941eb5f4a1-exec-3'), ('54:28', 'task-simulation-8c74e0941eb5f4a1-exec-4'), ('54:29', 'task-simulation-8c74e0941eb5f4a1-exec-1'), ('54:29', 'task-simulation-8c74e0941eb5f4a1-exec-2'), ('54:29', 'task-simulation-8c74e0941eb5f4a1-exec-3'), ('54:30', 'task-simulation-8c74e0941eb5f4a1-exec-4'), ('54:31', 'task-simulation-8c74e0941eb5f4a1-exec-1'), ('54:31', 'task-simulation-8c74e0941eb5f4a1-exec-2'), ('54:31', 'task-simulation-8c74e0941eb5f4a1-exec-3'), ('54:32', 'task-simulation-8c74e0941eb5f4a1-exec-4'), ('54:33', 'task-simulation-8c74e0941eb5f4a1-exec-1'), ('54:33', 'task-simulation-8c74e0941eb5f4a1-exec-2'), ('54:33', 'task-simulation-8c74e0941eb5f4a1-exec-3'), ('54:34', 'task-simulation-8c74e0941eb5f4a1-exec-4'), ('54:35', 'task-simulation-8c74e0941eb5f4a1-exec-1'), ('54:35', 'task-simulation-8c74e0941eb5f4a1-exec-2'), ('54:35', 'task-simulation-8c74e0941eb5f4a1-exec-3'), ('54:36', 'task-simulation-8c74e0941eb5f4a1-exec-4'), ('54:37', 'task-simulation-8c74e0941eb5f4a1-exec-1'), ('54:37', 'task-simulation-8c74e0941eb5f4a1-exec-2'), ('54:37', 'task-simulation-8c74e0941eb5f4a1-exec-3'), ('54:37', 'task-simulation-8c74e0941eb5f4a1-exec-4'), ('54:39', 'task-simulation-8c74e0941eb5f4a1-exec-1'), ('54:39', 'task-simulation-8c74e0941eb5f4a1-exec-2'), ('54:39', 'task-simulation-8c74e0941eb5f4a1-exec-3'), ('54:39', 'task-simulation-8c74e0941eb5f4a1-exec-4'), ('54:41', 'task-simulation-8c74e0941eb5f4a1-exec-1'), ('54:41', 'task-simulation-8c74e0941eb5f4a1-exec-2'), ('54:41', 'task-simulation-8c74e0941eb5f4a1-exec-3'), ('54:41', 'task-simulation-8c74e0941eb5f4a1-exec-4'), ('54:43', 'task-simulation-8c74e0941eb5f4a1-exec-1'), ('54:43', 'task-simulation-8c74e0941eb5f4a1-exec-2'), ('54:43', 'task-simulation-8c74e0941eb5f4a1-exec-3'), ('54:43', 'task-simulation-8c74e0941eb5f4a1-exec-4'), ('54:45', 'task-simulation-8c74e0941eb5f4a1-exec-1'), ('54:45', 'task-simulation-8c74e0941eb5f4a1-exec-2'), ('54:45', 'task-simulation-8c74e0941eb5f4a1-exec-3'), ('54:45', 'task-simulation-8c74e0941eb5f4a1-exec-4'), ('54:46', 'task-simulation-8c74e0941eb5f4a1-exec-1'), ('54:47', 'task-simulation-8c74e0941eb5f4a1-exec-2'), ('54:47', 'task-simulation-8c74e0941eb5f4a1-exec-3'), ('54:47', 'task-simulation-8c74e0941eb5f4a1-exec-4'), ('54:48', 'task-simulation-8c74e0941eb5f4a1-exec-1'), ('54:48', 'task-simulation-8c74e0941eb5f4a1-exec-2'), ('54:49', 'task-simulation-8c74e0941eb5f4a1-exec-3'), ('54:49', 'task-simulation-8c74e0941eb5f4a1-exec-4'), ('54:50', 'task-simulation-8c74e0941eb5f4a1-exec-1'), ('54:50', 'task-simulation-8c74e0941eb5f4a1-exec-2'), ('54:51', 'task-simulation-8c74e0941eb5f4a1-exec-3'), ('54:51', 'task-simulation-8c74e0941eb5f4a1-exec-4'), ('54:52', 'task-simulation-8c74e0941eb5f4a1-exec-1'), ('54:52', 'task-simulation-8c74e0941eb5f4a1-exec-2'), ('54:52', 'task-simulation-8c74e0941eb5f4a1-exec-3'), ('54:53', 'task-simulation-8c74e0941eb5f4a1-exec-4'), ('54:54', 'task-simulation-8c74e0941eb5f4a1-exec-1'), ('54:54', 'task-simulation-8c74e0941eb5f4a1-exec-2'), ('54:54', 'task-simulation-8c74e0941eb5f4a1-exec-3'), ('54:55', 'task-simulation-8c74e0941eb5f4a1-exec-4'), ('54:56', 'task-simulation-8c74e0941eb5f4a1-exec-1'), ('54:56', 'task-simulation-8c74e0941eb5f4a1-exec-2'), ('54:56', 'task-simulation-8c74e0941eb5f4a1-exec-3'), ('54:57', 'task-simulation-8c74e0941eb5f4a1-exec-4'), ('54:58', 'task-simulation-8c74e0941eb5f4a1-exec-1'), ('54:58', 'task-simulation-8c74e0941eb5f4a1-exec-2'), ('54:59', 'task-simulation-8c74e0941eb5f4a1-exec-3'), ('54:59', 'task-simulation-8c74e0941eb5f4a1-exec-4'), ('55:00', 'task-simulation-8c74e0941eb5f4a1-exec-1'), ('55:00', 'task-simulation-8c74e0941eb5f4a1-exec-2'), ('55:01', 'task-simulation-8c74e0941eb5f4a1-exec-3'), ('55:01', 'task-simulation-8c74e0941eb5f4a1-exec-4'), ('55:02', 'task-simulation-8c74e0941eb5f4a1-exec-1'), ('55:02', 'task-simulation-8c74e0941eb5f4a1-exec-2'), ('55:03', 'task-simulation-8c74e0941eb5f4a1-exec-3'), ('55:03', 'task-simulation-8c74e0941eb5f4a1-exec-4'), ('55:04', 'task-simulation-8c74e0941eb5f4a1-exec-1'), ('55:04', 'task-simulation-8c74e0941eb5f4a1-exec-2'), ('55:04', 'task-simulation-8c74e0941eb5f4a1-exec-3'), ('55:05', 'task-simulation-8c74e0941eb5f4a1-exec-4'), ('55:06', 'task-simulation-8c74e0941eb5f4a1-exec-1'), ('55:06', 'task-simulation-8c74e0941eb5f4a1-exec-2'), ('55:06', 'task-simulation-8c74e0941eb5f4a1-exec-3'), ('55:07', 'task-simulation-8c74e0941eb5f4a1-exec-4'), ('55:08', 'task-simulation-8c74e0941eb5f4a1-exec-1'), ('55:08', 'task-simulation-8c74e0941eb5f4a1-exec-2'), ('55:08', 'task-simulation-8c74e0941eb5f4a1-exec-3'), ('55:08', 'task-simulation-8c74e0941eb5f4a1-exec-4'), ('55:10', 'task-simulation-8c74e0941eb5f4a1-exec-1'), ('55:10', 'task-simulation-8c74e0941eb5f4a1-exec-2'), ('55:10', 'task-simulation-8c74e0941eb5f4a1-exec-3'), ('55:10', 'task-simulation-8c74e0941eb5f4a1-exec-4'), ('55:12', 'task-simulation-8c74e0941eb5f4a1-exec-1'), ('55:12', 'task-simulation-8c74e0941eb5f4a1-exec-2'), ('55:12', 'task-simulation-8c74e0941eb5f4a1-exec-3'), ('55:12', 'task-simulation-8c74e0941eb5f4a1-exec-4'), ('55:14', 'task-simulation-8c74e0941eb5f4a1-exec-1'), ('55:14', 'task-simulation-8c74e0941eb5f4a1-exec-2'), ('55:14', 'task-simulation-8c74e0941eb5f4a1-exec-3'), ('55:14', 'task-simulation-8c74e0941eb5f4a1-exec-4'), ('55:16', 'task-simulation-8c74e0941eb5f4a1-exec-1'), ('55:16', 'task-simulation-8c74e0941eb5f4a1-exec-2'), ('55:16', 'task-simulation-8c74e0941eb5f4a1-exec-3'), ('55:17', 'task-simulation-8c74e0941eb5f4a1-exec-4'), ('55:19', 'task-simulation-8c74e0941eb5f4a1-exec-1'), ('55:19', 'task-simulation-8c74e0941eb5f4a1-exec-2'), ('55:20', 'task-simulation-8c74e0941eb5f4a1-exec-3'), ('55:20', 'task-simulation-8c74e0941eb5f4a1-exec-4')]",0 days 00:01:47.575006
31,32,2025-01-01 03:47:40.106556,2024-12-31 21:54:31.125019,141.22566666666663,"[('54:15', 'task-simulation-f10605941eb63d04-exec-1'), ('54:17', 'task-simulation-f10605941eb63d04-exec-1'), ('54:17', 'task-simulation-f10605941eb63d04-exec-2'), ('54:17', 'task-simulation-f10605941eb63d04-exec-3'), ('54:17', 'task-simulation-f10605941eb63d04-exec-4'), ('54:19', 'task-simulation-f10605941eb63d04-exec-1'), ('54:19', 'task-simulation-f10605941eb63d04-exec-2'), ('54:20', 'task-simulation-f10605941eb63d04-exec-3'), ('54:20', 'task-simulation-f10605941eb63d04-exec-4'), ('54:22', 'task-simulation-f10605941eb63d04-exec-1'), ('54:22', 'task-simulation-f10605941eb63d04-exec-2'), ('54:22', 'task-simulation-f10605941eb63d04-exec-3'), ('54:22', 'task-simulation-f10605941eb63d04-exec-4'), ('54:25', 'task-simulation-f10605941eb63d04-exec-1'), ('54:25', 'task-simulation-f10605941eb63d04-exec-2'), ('54:25', 'task-simulation-f10605941eb63d04-exec-3'), ('54:25', 'task-simulation-f10605941eb63d04-exec-4')]",0 days 00:00:36.367984
32,34,2025-01-01 03:48:14.764002,2024-12-31 21:55:24.390727,83.70666666666668,"[('55:12', 'task-simulation-cb7d5e941eb7228f-exec-1'), ('55:14', 'task-simulation-cb7d5e941eb7228f-exec-1'), ('55:15', 'task-simulation-cb7d5e941eb7228f-exec-2'), ('55:15', 'task-simulation-cb7d5e941eb7228f-exec-3'), ('55:17', 'task-simulation-cb7d5e941eb7228f-exec-1'), ('55:17', 'task-simulation-cb7d5e941eb7228f-exec-2'), ('55:17', 'task-simulation-cb7d5e941eb7228f-exec-3'), ('55:17', 'task-simulation-cb7d5e941eb7228f-exec-4'), ('55:20', 'task-simulation-cb7d5e941eb7228f-exec-1'), ('55:21', 'task-simulation-cb7d5e941eb7228f-exec-4')]",0 days 00:00:30.280492
33,37,2025-01-01 03:48:20.107632,2024-12-31 21:56:48.228390,25.2795,"[('56:41', 'task-simulation-3f9767941eb8787b-exec-1'), ('56:42', 'task-simulation-3f9767941eb8787b-exec-1'), ('56:43', 'task-simulation-3f9767941eb8787b-exec-1')]",0 days 00:00:26.339404
34,39,2025-01-01 03:48:34.387976,2024-12-31 21:58:12.119572,33.914,"[('58:02', 'task-simulation-7a83e8941eb9b96a-exec-1'), ('58:03', 'task-simulation-7a83e8941eb9b96a-exec-1'), ('58:05', 'task-simulation-7a83e8941eb9b96a-exec-1'), ('58:06', 'task-simulation-7a83e8941eb9b96a-exec-1')]",0 days 00:00:28.712823
35,40,2025-01-01 03:55:40.002145,2024-12-31 21:58:22.868234,33.914,"[('58:12', 'task-simulation-187253941eb9e35e-exec-1'), ('58:13', 'task-simulation-187253941eb9e35e-exec-1'), ('58:15', 'task-simulation-187253941eb9e35e-exec-1'), ('58:16', 'task-simulation-187253941eb9e35e-exec-1')]",0 days 00:00:28.597880
36,41,2025-01-01 03:55:48.358262,2024-12-31 21:58:28.205142,103.444,"[('58:17', 'task-simulation-57edbc941eb9f405-exec-1'), ('58:19', 'task-simulation-57edbc941eb9f405-exec-1'), ('58:19', 'task-simulation-57edbc941eb9f405-exec-2'), ('58:19', 'task-simulation-57edbc941eb9f405-exec-3'), ('58:21', 'task-simulation-57edbc941eb9f405-exec-1'), ('58:21', 'task-simulation-57edbc941eb9f405-exec-2'), ('58:21', 'task-simulation-57edbc941eb9f405-exec-3'), ('58:21', 'task-simulation-57edbc941eb9f405-exec-4'), ('58:23', 'task-simulation-57edbc941eb9f405-exec-1'), ('58:23', 'task-simulation-57edbc941eb9f405-exec-2'), ('58:23', 'task-simulation-57edbc941eb9f405-exec-3'), ('58:23', 'task-simulation-57edbc941eb9f405-exec-4')]",0 days 00:00:30.325875
37,42,2025-01-01 03:57:50.558177,2024-12-31 22:00:03.849174,233.996,"[('59:45', 'task-simulation-8f62df941ebb4813-exec-1'), ('59:46', 'task-simulation-8f62df941ebb4813-exec-1'), ('59:46', 'task-simulation-8f62df941ebb4813-exec-2'), ('59:46', 'task-simulation-8f62df941ebb4813-exec-3'), ('59:48', 'task-simulation-8f62df941ebb4813-exec-1'), ('59:48', 'task-simulation-8f62df941ebb4813-exec-2'), ('59:48', 'task-simulation-8f62df941ebb4813-exec-3'), ('59:48', 'task-simulation-8f62df941ebb4813-exec-4'), ('59:50', 'task-simulation-8f62df941ebb4813-exec-1'), ('59:50', 'task-simulation-8f62df941ebb4813-exec-2'), ('59:50', 'task-simulation-8f62df941ebb4813-exec-3'), ('59:50', 'task-simulation-8f62df941ebb4813-exec-4'), ('59:52', 'task-simulation-8f62df941ebb4813-exec-1'), ('59:52', 'task-simulation-8f62df941ebb4813-exec-2'), ('59:52', 'task-simulation-8f62df941ebb4813-exec-3'), ('59:52', 'task-simulation-8f62df941ebb4813-exec-4'), ('59:54', 'task-simulation-8f62df941ebb4813-exec-1'), ('59:54', 'task-simulation-8f62df941ebb4813-exec-2'), ('59:54', 'task-simulation-8f62df941ebb4813-exec-3'), ('59:54', 'task-simulation-8f62df941ebb4813-exec-4'), ('59:56', 'task-simulation-8f62df941ebb4813-exec-1'), ('59:56', 'task-simulation-8f62df941ebb4813-exec-2'), ('59:56', 'task-simulation-8f62df941ebb4813-exec-3'), ('59:56', 'task-simulation-8f62df941ebb4813-exec-4'), ('59:58', 'task-simulation-8f62df941ebb4813-exec-1'), ('59:58', 'task-simulation-8f62df941ebb4813-exec-2'), ('59:58', 'task-simulation-8f62df941ebb4813-exec-3'), ('59:58', 'task-simulation-8f62df941ebb4813-exec-4')]",0 days 00:00:38.268515
38,43,2025-01-01 03:59:05.490994,2024-12-31 22:00:02.619308,33.428,"[('59:52', 'task-simulation-f643ae941ebb67c0-exec-1'), ('59:54', 'task-simulation-f643ae941ebb67c0-exec-1'), ('59:57', 'task-simulation-f643ae941ebb67c0-exec-1'), ('59:59', 'task-simulation-f643ae941ebb67c0-exec-1')]",0 days 00:00:28.600088
39,44,2025-01-01 03:59:18.653372,2024-12-31 22:01:08.773610,504.1173333333327,"[('00:32', 'task-simulation-c93713941ebc015a-exec-1'), ('00:33', 'task-simulation-c93713941ebc015a-exec-1'), ('00:34', 'task-simulation-c93713941ebc015a-exec-2'), ('00:34', 'task-simulation-c93713941ebc015a-exec-3'), ('00:35', 'task-simulation-c93713941ebc015a-exec-1'), ('00:35', 'task-simulation-c93713941ebc015a-exec-2'), ('00:36', 'task-simulation-c93713941ebc015a-exec-3'), ('00:36', 'task-simulation-c93713941ebc015a-exec-4'), ('00:37', 'task-simulation-c93713941ebc015a-exec-1'), ('00:37', 'task-simulation-c93713941ebc015a-exec-2'), ('00:37', 'task-simulation-c93713941ebc015a-exec-3'), ('00:38', 'task-simulation-c93713941ebc015a-exec-4'), ('00:39', 'task-simulation-c93713941ebc015a-exec-1'), ('00:39', 'task-simulation-c93713941ebc015a-exec-2'), ('00:39', 'task-simulation-c93713941ebc015a-exec-3'), ('00:40', 'task-simulation-c93713941ebc015a-exec-4'), ('00:41', 'task-simulation-c93713941ebc015a-exec-1'), ('00:41', 'task-simulation-c93713941ebc015a-exec-2'), ('00:41', 'task-simulation-c93713941ebc015a-exec-3'), ('00:41', 'task-simulation-c93713941ebc015a-exec-4'), ('00:43', 'task-simulation-c93713941ebc015a-exec-1'), ('00:43', 'task-simulation-c93713941ebc015a-exec-2'), ('00:43', 'task-simulation-c93713941ebc015a-exec-3'), ('00:43', 'task-simulation-c93713941ebc015a-exec-4'), ('00:45', 'task-simulation-c93713941ebc015a-exec-1'), ('00:45', 'task-simulation-c93713941ebc015a-exec-2'), ('00:45', 'task-simulation-c93713941ebc015a-exec-3'), ('00:45', 'task-simulation-c93713941ebc015a-exec-4'), ('00:47', 'task-simulation-c93713941ebc015a-exec-1'), ('00:47', 'task-simulation-c93713941ebc015a-exec-2'), ('00:47', 'task-simulation-c93713941ebc015a-exec-3'), ('00:47', 'task-simulation-c93713941ebc015a-exec-4'), ('00:49', 'task-simulation-c93713941ebc015a-exec-1'), ('00:49', 'task-simulation-c93713941ebc015a-exec-2'), ('00:49', 'task-simulation-c93713941ebc015a-exec-3'), ('00:49', 'task-simulation-c93713941ebc015a-exec-4'), ('00:51', 'task-simulation-c93713941ebc015a-exec-1'), ('00:51', 'task-simulation-c93713941ebc015a-exec-2'), ('00:51', 'task-simulation-c93713941ebc015a-exec-3'), ('00:51', 'task-simulation-c93713941ebc015a-exec-4'), ('00:52', 'task-simulation-c93713941ebc015a-exec-1'), ('00:53', 'task-simulation-c93713941ebc015a-exec-2'), ('00:53', 'task-simulation-c93713941ebc015a-exec-3'), ('00:53', 'task-simulation-c93713941ebc015a-exec-4'), ('00:54', 'task-simulation-c93713941ebc015a-exec-1'), ('00:54', 'task-simulation-c93713941ebc015a-exec-2'), ('00:55', 'task-simulation-c93713941ebc015a-exec-3'), ('00:55', 'task-simulation-c93713941ebc015a-exec-4'), ('00:56', 'task-simulation-c93713941ebc015a-exec-1'), ('00:56', 'task-simulation-c93713941ebc015a-exec-2'), ('00:57', 'task-simulation-c93713941ebc015a-exec-3'), ('00:57', 'task-simulation-c93713941ebc015a-exec-4'), ('00:58', 'task-simulation-c93713941ebc015a-exec-1'), ('00:58', 'task-simulation-c93713941ebc015a-exec-2'), ('00:59', 'task-simulation-c93713941ebc015a-exec-3'), ('00:59', 'task-simulation-c93713941ebc015a-exec-4'), ('01:00', 'task-simulation-c93713941ebc015a-exec-1'), ('01:00', 'task-simulation-c93713941ebc015a-exec-2'), ('01:00', 'task-simulation-c93713941ebc015a-exec-3'), ('01:01', 'task-simulation-c93713941ebc015a-exec-4'), ('01:02', 'task-simulation-c93713941ebc015a-exec-1'), ('01:02', 'task-simulation-c93713941ebc015a-exec-2'), ('01:02', 'task-simulation-c93713941ebc015a-exec-3'), ('01:03', 'task-simulation-c93713941ebc015a-exec-4')]",0 days 00:00:55.647866
40,45,2025-01-01 04:00:45.173464,2024-12-31 22:02:20.901635,489.8039999999992,"[('01:33', 'task-simulation-4729c8941ebcf0c6-exec-1'), ('01:34', 'task-simulation-4729c8941ebcf0c6-exec-1'), ('01:34', 'task-simulation-4729c8941ebcf0c6-exec-2'), ('01:34', 'task-simulation-4729c8941ebcf0c6-exec-3'), ('01:36', 'task-simulation-4729c8941ebcf0c6-exec-1'), ('01:36', 'task-simulation-4729c8941ebcf0c6-exec-2'), ('01:36', 'task-simulation-4729c8941ebcf0c6-exec-3'), ('01:36', 'task-simulation-4729c8941ebcf0c6-exec-4'), ('01:38', 'task-simulation-4729c8941ebcf0c6-exec-1'), ('01:38', 'task-simulation-4729c8941ebcf0c6-exec-2'), ('01:38', 'task-simulation-4729c8941ebcf0c6-exec-3'), ('01:38', 'task-simulation-4729c8941ebcf0c6-exec-4'), ('01:39', 'task-simulation-4729c8941ebcf0c6-exec-1'), ('01:40', 'task-simulation-4729c8941ebcf0c6-exec-2'), ('01:40', 'task-simulation-4729c8941ebcf0c6-exec-3'), ('01:40', 'task-simulation-4729c8941ebcf0c6-exec-4'), ('01:42', 'task-simulation-4729c8941ebcf0c6-exec-1'), ('01:42', 'task-simulation-4729c8941ebcf0c6-exec-2'), ('01:42', 'task-simulation-4729c8941ebcf0c6-exec-3'), ('01:42', 'task-simulation-4729c8941ebcf0c6-exec-4'), ('01:44', 'task-simulation-4729c8941ebcf0c6-exec-1'), ('01:45', 'task-simulation-4729c8941ebcf0c6-exec-2'), ('01:45', 'task-simulation-4729c8941ebcf0c6-exec-3'), ('01:45', 'task-simulation-4729c8941ebcf0c6-exec-4'), ('01:47', 'task-simulation-4729c8941ebcf0c6-exec-1'), ('01:47', 'task-simulation-4729c8941ebcf0c6-exec-2'), ('01:47', 'task-simulation-4729c8941ebcf0c6-exec-3'), ('01:48', 'task-simulation-4729c8941ebcf0c6-exec-4'), ('01:50', 'task-simulation-4729c8941ebcf0c6-exec-1'), ('01:50', 'task-simulation-4729c8941ebcf0c6-exec-2'), ('01:50', 'task-simulation-4729c8941ebcf0c6-exec-3'), ('01:50', 'task-simulation-4729c8941ebcf0c6-exec-4'), ('01:52', 'task-simulation-4729c8941ebcf0c6-exec-1'), ('01:52', 'task-simulation-4729c8941ebcf0c6-exec-2'), ('01:52', 'task-simulation-4729c8941ebcf0c6-exec-3'), ('01:53', 'task-simulation-4729c8941ebcf0c6-exec-4'), ('01:55', 'task-simulation-4729c8941ebcf0c6-exec-1'), ('01:55', 'task-simulation-4729c8941ebcf0c6-exec-2'), ('01:55', 'task-simulation-4729c8941ebcf0c6-exec-3'), ('01:55', 'task-simulation-4729c8941ebcf0c6-exec-4'), ('01:57', 'task-simulation-4729c8941ebcf0c6-exec-1'), ('01:57', 'task-simulation-4729c8941ebcf0c6-exec-2'), ('01:58', 'task-simulation-4729c8941ebcf0c6-exec-3'), ('01:58', 'task-simulation-4729c8941ebcf0c6-exec-4'), ('02:00', 'task-simulation-4729c8941ebcf0c6-exec-1'), ('02:00', 'task-simulation-4729c8941ebcf0c6-exec-2'), ('02:00', 'task-simulation-4729c8941ebcf0c6-exec-3'), ('02:01', 'task-simulation-4729c8941ebcf0c6-exec-4'), ('02:03', 'task-simulation-4729c8941ebcf0c6-exec-1'), ('02:03', 'task-simulation-4729c8941ebcf0c6-exec-2'), ('02:03', 'task-simulation-4729c8941ebcf0c6-exec-3'), ('02:03', 'task-simulation-4729c8941ebcf0c6-exec-4'), ('02:06', 'task-simulation-4729c8941ebcf0c6-exec-1'), ('02:06', 'task-simulation-4729c8941ebcf0c6-exec-2'), ('02:06', 'task-simulation-4729c8941ebcf0c6-exec-3'), ('02:07', 'task-simulation-4729c8941ebcf0c6-exec-4'), ('02:09', 'task-simulation-4729c8941ebcf0c6-exec-1'), ('02:09', 'task-simulation-4729c8941ebcf0c6-exec-2'), ('02:09', 'task-simulation-4729c8941ebcf0c6-exec-3'), ('02:10', 'task-simulation-4729c8941ebcf0c6-exec-4'), ('02:12', 'task-simulation-4729c8941ebcf0c6-exec-1'), ('02:12', 'task-simulation-4729c8941ebcf0c6-exec-2'), ('02:12', 'task-simulation-4729c8941ebcf0c6-exec-3'), ('02:12', 'task-simulation-4729c8941ebcf0c6-exec-4'), ('02:15', 'task-simulation-4729c8941ebcf0c6-exec-1'), ('02:15', 'task-simulation-4729c8941ebcf0c6-exec-2'), ('02:15', 'task-simulation-4729c8941ebcf0c6-exec-3'), ('02:15', 'task-simulation-4729c8941ebcf0c6-exec-4')]",0 days 00:01:06.262843
41,46,2025-01-01 04:00:55.902374,2024-12-31 22:03:17.701412,897.6026666666645,"[('01:42', 'task-simulation-170a75941ebd1100-exec-1'), ('01:44', 'task-simulation-170a75941ebd1100-exec-1'), ('01:44', 'task-simulation-170a75941ebd1100-exec-2'), ('01:44', 'task-simulation-170a75941ebd1100-exec-3'), ('01:44', 'task-simulation-170a75941ebd1100-exec-4'), ('01:46', 'task-simulation-170a75941ebd1100-exec-1'), ('01:46', 'task-simulation-170a75941ebd1100-exec-2'), ('01:47', 'task-simulation-170a75941ebd1100-exec-3'), ('01:47', 'task-simulation-170a75941ebd1100-exec-4'), ('01:49', 'task-simulation-170a75941ebd1100-exec-1'), ('01:49', 'task-simulation-170a75941ebd1100-exec-2'), ('01:49', 'task-simulation-170a75941ebd1100-exec-3'), ('01:49', 'task-simulation-170a75941ebd1100-exec-4'), ('01:51', 'task-simulation-170a75941ebd1100-exec-1'), ('01:52', 'task-simulation-170a75941ebd1100-exec-2'), ('01:52', 'task-simulation-170a75941ebd1100-exec-3'), ('01:52', 'task-simulation-170a75941ebd1100-exec-4'), ('01:54', 'task-simulation-170a75941ebd1100-exec-1'), ('01:54', 'task-simulation-170a75941ebd1100-exec-2'), ('01:54', 'task-simulation-170a75941ebd1100-exec-3'), ('01:54', 'task-simulation-170a75941ebd1100-exec-4'), ('01:57', 'task-simulation-170a75941ebd1100-exec-1'), ('01:57', 'task-simulation-170a75941ebd1100-exec-2'), ('01:57', 'task-simulation-170a75941ebd1100-exec-3'), ('01:57', 'task-simulation-170a75941ebd1100-exec-4'), ('01:59', 'task-simulation-170a75941ebd1100-exec-1'), ('01:59', 'task-simulation-170a75941ebd1100-exec-2'), ('02:00', 'task-simulation-170a75941ebd1100-exec-3'), ('02:00', 'task-simulation-170a75941ebd1100-exec-4'), ('02:02', 'task-simulation-170a75941ebd1100-exec-1'), ('02:02', 'task-simulation-170a75941ebd1100-exec-2'), ('02:02', 'task-simulation-170a75941ebd1100-exec-3'), ('02:03', 'task-simulation-170a75941ebd1100-exec-4'), ('02:05', 'task-simulation-170a75941ebd1100-exec-1'), ('02:05', 'task-simulation-170a75941ebd1100-exec-2'), ('02:05', 'task-simulation-170a75941ebd1100-exec-3'), ('02:06', 'task-simulation-170a75941ebd1100-exec-4'), ('02:08', 'task-simulation-170a75941ebd1100-exec-1'), ('02:08', 'task-simulation-170a75941ebd1100-exec-2'), ('02:08', 'task-simulation-170a75941ebd1100-exec-3'), ('02:09', 'task-simulation-170a75941ebd1100-exec-4'), ('02:11', 'task-simulation-170a75941ebd1100-exec-1'), ('02:11', 'task-simulation-170a75941ebd1100-exec-2'), ('02:12', 'task-simulation-170a75941ebd1100-exec-3'), ('02:12', 'task-simulation-170a75941ebd1100-exec-4'), ('02:14', 'task-simulation-170a75941ebd1100-exec-1'), ('02:14', 'task-simulation-170a75941ebd1100-exec-2'), ('02:14', 'task-simulation-170a75941ebd1100-exec-3'), ('02:14', 'task-simulation-170a75941ebd1100-exec-4'), ('02:16', 'task-simulation-170a75941ebd1100-exec-1'), ('02:17', 'task-simulation-170a75941ebd1100-exec-2'), ('02:17', 'task-simulation-170a75941ebd1100-exec-3'), ('02:17', 'task-simulation-170a75941ebd1100-exec-4'), ('02:19', 'task-simulation-170a75941ebd1100-exec-1'), ('02:19', 'task-simulation-170a75941ebd1100-exec-2'), ('02:19', 'task-simulation-170a75941ebd1100-exec-3'), ('02:19', 'task-simulation-170a75941ebd1100-exec-4'), ('02:21', 'task-simulation-170a75941ebd1100-exec-1'), ('02:21', 'task-simulation-170a75941ebd1100-exec-2'), ('02:21', 'task-simulation-170a75941ebd1100-exec-3'), ('02:21', 'task-simulation-170a75941ebd1100-exec-4'), ('02:23', 'task-simulation-170a75941ebd1100-exec-1'), ('02:24', 'task-simulation-170a75941ebd1100-exec-2'), ('02:24', 'task-simulation-170a75941ebd1100-exec-3'), ('02:24', 'task-simulation-170a75941ebd1100-exec-4'), ('02:26', 'task-simulation-170a75941ebd1100-exec-1'), ('02:26', 'task-simulation-170a75941ebd1100-exec-2'), ('02:26', 'task-simulation-170a75941ebd1100-exec-3'), ('02:27', 'task-simulation-170a75941ebd1100-exec-4'), ('02:29', 'task-simulation-170a75941ebd1100-exec-1'), ('02:29', 'task-simulation-170a75941ebd1100-exec-2'), ('02:29', 'task-simulation-170a75941ebd1100-exec-3'), ('02:30', 'task-simulation-170a75941ebd1100-exec-4'), ('02:32', 'task-simulation-170a75941ebd1100-exec-1'), ('02:32', 'task-simulation-170a75941ebd1100-exec-2'), ('02:32', 'task-simulation-170a75941ebd1100-exec-3'), ('02:32', 'task-simulation-170a75941ebd1100-exec-4'), ('02:35', 'task-simulation-170a75941ebd1100-exec-1'), ('02:35', 'task-simulation-170a75941ebd1100-exec-2'), ('02:35', 'task-simulation-170a75941ebd1100-exec-3'), ('02:35', 'task-simulation-170a75941ebd1100-exec-4'), ('02:38', 'task-simulation-170a75941ebd1100-exec-1'), ('02:38', 'task-simulation-170a75941ebd1100-exec-2'), ('02:39', 'task-simulation-170a75941ebd1100-exec-3'), ('02:39', 'task-simulation-170a75941ebd1100-exec-4'), ('02:42', 'task-simulation-170a75941ebd1100-exec-1'), ('02:42', 'task-simulation-170a75941ebd1100-exec-2'), ('02:42', 'task-simulation-170a75941ebd1100-exec-3'), ('02:42', 'task-simulation-170a75941ebd1100-exec-4'), ('02:44', 'task-simulation-170a75941ebd1100-exec-1'), ('02:45', 'task-simulation-170a75941ebd1100-exec-2'), ('02:45', 'task-simulation-170a75941ebd1100-exec-3'), ('02:45', 'task-simulation-170a75941ebd1100-exec-4'), ('02:47', 'task-simulation-170a75941ebd1100-exec-1'), ('02:47', 'task-simulation-170a75941ebd1100-exec-2'), ('02:48', 'task-simulation-170a75941ebd1100-exec-3'), ('02:48', 'task-simulation-170a75941ebd1100-exec-4'), ('02:50', 'task-simulation-170a75941ebd1100-exec-1'), ('02:50', 'task-simulation-170a75941ebd1100-exec-2'), ('02:51', 'task-simulation-170a75941ebd1100-exec-3'), ('02:51', 'task-simulation-170a75941ebd1100-exec-4'), ('02:53', 'task-simulation-170a75941ebd1100-exec-1'), ('02:53', 'task-simulation-170a75941ebd1100-exec-2'), ('02:53', 'task-simulation-170a75941ebd1100-exec-3'), ('02:53', 'task-simulation-170a75941ebd1100-exec-4'), ('02:55', 'task-simulation-170a75941ebd1100-exec-1'), ('02:56', 'task-simulation-170a75941ebd1100-exec-2'), ('02:56', 'task-simulation-170a75941ebd1100-exec-3'), ('02:56', 'task-simulation-170a75941ebd1100-exec-4'), ('02:58', 'task-simulation-170a75941ebd1100-exec-1'), ('02:58', 'task-simulation-170a75941ebd1100-exec-2'), ('02:59', 'task-simulation-170a75941ebd1100-exec-3'), ('02:59', 'task-simulation-170a75941ebd1100-exec-4'), ('03:01', 'task-simulation-170a75941ebd1100-exec-1'), ('03:01', 'task-simulation-170a75941ebd1100-exec-2'), ('03:01', 'task-simulation-170a75941ebd1100-exec-3'), ('03:01', 'task-simulation-170a75941ebd1100-exec-4'), ('03:03', 'task-simulation-170a75941ebd1100-exec-1'), ('03:04', 'task-simulation-170a75941ebd1100-exec-2'), ('03:04', 'task-simulation-170a75941ebd1100-exec-3'), ('03:04', 'task-simulation-170a75941ebd1100-exec-4'), ('03:06', 'task-simulation-170a75941ebd1100-exec-1'), ('03:06', 'task-simulation-170a75941ebd1100-exec-2'), ('03:07', 'task-simulation-170a75941ebd1100-exec-3'), ('03:07', 'task-simulation-170a75941ebd1100-exec-4'), ('03:09', 'task-simulation-170a75941ebd1100-exec-1'), ('03:09', 'task-simulation-170a75941ebd1100-exec-2'), ('03:09', 'task-simulation-170a75941ebd1100-exec-3'), ('03:09', 'task-simulation-170a75941ebd1100-exec-4'), ('03:11', 'task-simulation-170a75941ebd1100-exec-1'), ('03:11', 'task-simulation-170a75941ebd1100-exec-2'), ('03:12', 'task-simulation-170a75941ebd1100-exec-3'), ('03:12', 'task-simulation-170a75941ebd1100-exec-4')]",0 days 00:01:54.653884
42,47,2025-01-01 04:01:51.010464,2024-12-31 22:03:47.914827,873.8539999999982,"[('02:22', 'task-simulation-a76fc4941ebda346-exec-1'), ('02:22', 'task-simulation-a76fc4941ebda346-exec-2'), ('02:22', 'task-simulation-a76fc4941ebda346-exec-3'), ('02:24', 'task-simulation-a76fc4941ebda346-exec-1'), ('02:24', 'task-simulation-a76fc4941ebda346-exec-2'), ('02:25', 'task-simulation-a76fc4941ebda346-exec-3'), ('02:25', 'task-simulation-a76fc4941ebda346-exec-4'), ('02:27', 'task-simulation-a76fc4941ebda346-exec-1'), ('02:27', 'task-simulation-a76fc4941ebda346-exec-2'), ('02:27', 'task-simulation-a76fc4941ebda346-exec-3'), ('02:28', 'task-simulation-a76fc4941ebda346-exec-4'), ('02:30', 'task-simulation-a76fc4941ebda346-exec-1'), ('02:30', 'task-simulation-a76fc4941ebda346-exec-2'), ('02:30', 'task-simulation-a76fc4941ebda346-exec-3'), ('02:30', 'task-simulation-a76fc4941ebda346-exec-4'), ('02:33', 'task-simulation-a76fc4941ebda346-exec-1'), ('02:33', 'task-simulation-a76fc4941ebda346-exec-2'), ('02:33', 'task-simulation-a76fc4941ebda346-exec-3'), ('02:33', 'task-simulation-a76fc4941ebda346-exec-4'), ('02:36', 'task-simulation-a76fc4941ebda346-exec-1'), ('02:36', 'task-simulation-a76fc4941ebda346-exec-2'), ('02:37', 'task-simulation-a76fc4941ebda346-exec-3'), ('02:37', 'task-simulation-a76fc4941ebda346-exec-4'), ('02:40', 'task-simulation-a76fc4941ebda346-exec-1'), ('02:40', 'task-simulation-a76fc4941ebda346-exec-2'), ('02:40', 'task-simulation-a76fc4941ebda346-exec-3'), ('02:40', 'task-simulation-a76fc4941ebda346-exec-4'), ('02:43', 'task-simulation-a76fc4941ebda346-exec-1'), ('02:43', 'task-simulation-a76fc4941ebda346-exec-2'), ('02:43', 'task-simulation-a76fc4941ebda346-exec-3'), ('02:43', 'task-simulation-a76fc4941ebda346-exec-4'), ('02:45', 'task-simulation-a76fc4941ebda346-exec-1'), ('02:46', 'task-simulation-a76fc4941ebda346-exec-2'), ('02:46', 'task-simulation-a76fc4941ebda346-exec-3'), ('02:46', 'task-simulation-a76fc4941ebda346-exec-4'), ('02:48', 'task-simulation-a76fc4941ebda346-exec-1'), ('02:48', 'task-simulation-a76fc4941ebda346-exec-2'), ('02:49', 'task-simulation-a76fc4941ebda346-exec-3'), ('02:49', 'task-simulation-a76fc4941ebda346-exec-4'), ('02:51', 'task-simulation-a76fc4941ebda346-exec-1'), ('02:51', 'task-simulation-a76fc4941ebda346-exec-2'), ('02:51', 'task-simulation-a76fc4941ebda346-exec-3'), ('02:51', 'task-simulation-a76fc4941ebda346-exec-4'), ('02:53', 'task-simulation-a76fc4941ebda346-exec-1'), ('02:54', 'task-simulation-a76fc4941ebda346-exec-2'), ('02:54', 'task-simulation-a76fc4941ebda346-exec-3'), ('02:54', 'task-simulation-a76fc4941ebda346-exec-4'), ('02:56', 'task-simulation-a76fc4941ebda346-exec-1'), ('02:56', 'task-simulation-a76fc4941ebda346-exec-2'), ('02:57', 'task-simulation-a76fc4941ebda346-exec-3'), ('02:57', 'task-simulation-a76fc4941ebda346-exec-4'), ('02:59', 'task-simulation-a76fc4941ebda346-exec-1'), ('02:59', 'task-simulation-a76fc4941ebda346-exec-2'), ('02:59', 'task-simulation-a76fc4941ebda346-exec-3'), ('02:59', 'task-simulation-a76fc4941ebda346-exec-4'), ('03:01', 'task-simulation-a76fc4941ebda346-exec-1'), ('03:02', 'task-simulation-a76fc4941ebda346-exec-2'), ('03:02', 'task-simulation-a76fc4941ebda346-exec-3'), ('03:02', 'task-simulation-a76fc4941ebda346-exec-4'), ('03:04', 'task-simulation-a76fc4941ebda346-exec-1'), ('03:04', 'task-simulation-a76fc4941ebda346-exec-2'), ('03:05', 'task-simulation-a76fc4941ebda346-exec-3'), ('03:05', 'task-simulation-a76fc4941ebda346-exec-4'), ('03:07', 'task-simulation-a76fc4941ebda346-exec-1'), ('03:07', 'task-simulation-a76fc4941ebda346-exec-2'), ('03:07', 'task-simulation-a76fc4941ebda346-exec-3'), ('03:07', 'task-simulation-a76fc4941ebda346-exec-4'), ('03:09', 'task-simulation-a76fc4941ebda346-exec-1'), ('03:10', 'task-simulation-a76fc4941ebda346-exec-2'), ('03:10', 'task-simulation-a76fc4941ebda346-exec-3'), ('03:10', 'task-simulation-a76fc4941ebda346-exec-4'), ('03:12', 'task-simulation-a76fc4941ebda346-exec-1'), ('03:12', 'task-simulation-a76fc4941ebda346-exec-2'), ('03:12', 'task-simulation-a76fc4941ebda346-exec-3'), ('03:13', 'task-simulation-a76fc4941ebda346-exec-4'), ('03:14', 'task-simulation-a76fc4941ebda346-exec-1'), ('03:14', 'task-simulation-a76fc4941ebda346-exec-2'), ('03:14', 'task-simulation-a76fc4941ebda346-exec-3'), ('03:14', 'task-simulation-a76fc4941ebda346-exec-4'), ('03:16', 'task-simulation-a76fc4941ebda346-exec-1'), ('03:16', 'task-simulation-a76fc4941ebda346-exec-2'), ('03:16', 'task-simulation-a76fc4941ebda346-exec-3'), ('03:16', 'task-simulation-a76fc4941ebda346-exec-4'), ('03:18', 'task-simulation-a76fc4941ebda346-exec-1'), ('03:18', 'task-simulation-a76fc4941ebda346-exec-2'), ('03:18', 'task-simulation-a76fc4941ebda346-exec-3'), ('03:18', 'task-simulation-a76fc4941ebda346-exec-4'), ('03:20', 'task-simulation-a76fc4941ebda346-exec-1'), ('03:20', 'task-simulation-a76fc4941ebda346-exec-2'), ('03:20', 'task-simulation-a76fc4941ebda346-exec-3'), ('03:20', 'task-simulation-a76fc4941ebda346-exec-4'), ('03:21', 'task-simulation-a76fc4941ebda346-exec-1'), ('03:22', 'task-simulation-a76fc4941ebda346-exec-2'), ('03:22', 'task-simulation-a76fc4941ebda346-exec-3'), ('03:22', 'task-simulation-a76fc4941ebda346-exec-4'), ('03:23', 'task-simulation-a76fc4941ebda346-exec-1'), ('03:24', 'task-simulation-a76fc4941ebda346-exec-2'), ('03:24', 'task-simulation-a76fc4941ebda346-exec-3'), ('03:24', 'task-simulation-a76fc4941ebda346-exec-4'), ('03:25', 'task-simulation-a76fc4941ebda346-exec-1'), ('03:25', 'task-simulation-a76fc4941ebda346-exec-2'), ('03:26', 'task-simulation-a76fc4941ebda346-exec-3'), ('03:26', 'task-simulation-a76fc4941ebda346-exec-4'), ('03:27', 'task-simulation-a76fc4941ebda346-exec-1'), ('03:27', 'task-simulation-a76fc4941ebda346-exec-2'), ('03:28', 'task-simulation-a76fc4941ebda346-exec-3'), ('03:28', 'task-simulation-a76fc4941ebda346-exec-4'), ('03:29', 'task-simulation-a76fc4941ebda346-exec-1'), ('03:29', 'task-simulation-a76fc4941ebda346-exec-2'), ('03:29', 'task-simulation-a76fc4941ebda346-exec-3'), ('03:30', 'task-simulation-a76fc4941ebda346-exec-4'), ('03:31', 'task-simulation-a76fc4941ebda346-exec-1'), ('03:31', 'task-simulation-a76fc4941ebda346-exec-2'), ('03:31', 'task-simulation-a76fc4941ebda346-exec-3'), ('03:31', 'task-simulation-a76fc4941ebda346-exec-4'), ('03:33', 'task-simulation-a76fc4941ebda346-exec-1'), ('03:33', 'task-simulation-a76fc4941ebda346-exec-2'), ('03:33', 'task-simulation-a76fc4941ebda346-exec-3'), ('03:33', 'task-simulation-a76fc4941ebda346-exec-4'), ('03:35', 'task-simulation-a76fc4941ebda346-exec-1'), ('03:35', 'task-simulation-a76fc4941ebda346-exec-2'), ('03:35', 'task-simulation-a76fc4941ebda346-exec-3'), ('03:35', 'task-simulation-a76fc4941ebda346-exec-4'), ('03:37', 'task-simulation-a76fc4941ebda346-exec-1'), ('03:37', 'task-simulation-a76fc4941ebda346-exec-2'), ('03:37', 'task-simulation-a76fc4941ebda346-exec-3'), ('03:37', 'task-simulation-a76fc4941ebda346-exec-4'), ('03:39', 'task-simulation-a76fc4941ebda346-exec-1'), ('03:39', 'task-simulation-a76fc4941ebda346-exec-2'), ('03:39', 'task-simulation-a76fc4941ebda346-exec-3'), ('03:39', 'task-simulation-a76fc4941ebda346-exec-4'), ('03:40', 'task-simulation-a76fc4941ebda346-exec-1'), ('03:41', 'task-simulation-a76fc4941ebda346-exec-2'), ('03:41', 'task-simulation-a76fc4941ebda346-exec-3'), ('03:41', 'task-simulation-a76fc4941ebda346-exec-4'), ('03:42', 'task-simulation-a76fc4941ebda346-exec-1'), ('03:43', 'task-simulation-a76fc4941ebda346-exec-2'), ('03:43', 'task-simulation-a76fc4941ebda346-exec-3'), ('03:43', 'task-simulation-a76fc4941ebda346-exec-4')]",0 days 00:01:48.629438
43,48,2025-01-01 04:02:59.924751,2024-12-31 22:02:55.414267,58.27799999999999,"[('02:24', 'task-simulation-9995e7941ebdb89e-exec-1'), ('02:27', 'task-simulation-9995e7941ebdb89e-exec-1'), ('02:30', 'task-simulation-9995e7941ebdb89e-exec-1'), ('02:33', 'task-simulation-9995e7941ebdb89e-exec-1'), ('02:36', 'task-simulation-9995e7941ebdb89e-exec-1'), ('02:40', 'task-simulation-9995e7941ebdb89e-exec-1'), ('02:42', 'task-simulation-9995e7941ebdb89e-exec-1'), ('02:45', 'task-simulation-9995e7941ebdb89e-exec-1'), ('02:48', 'task-simulation-9995e7941ebdb89e-exec-1')]",0 days 00:00:50.448657
44,49,2025-01-01 04:03:09.424317,2024-12-31 22:02:44.668880,38.852,"[('02:36', 'task-simulation-18a55a941ebdda52-exec-1'), ('02:36', 'task-simulation-18a55a941ebdda52-exec-2'), ('02:36', 'task-simulation-18a55a941ebdda52-exec-3'), ('02:39', 'task-simulation-18a55a941ebdda52-exec-1'), ('02:39', 'task-simulation-18a55a941ebdda52-exec-2'), ('02:39', 'task-simulation-18a55a941ebdda52-exec-3')]",0 days 00:00:30.669421
45,50,2025-01-01 04:04:10.211972,2024-12-31 22:04:41.818635,29.33666666666667,"[('04:30', 'task-simulation-385b7d941ebfa699-exec-1'), ('04:32', 'task-simulation-385b7d941ebfa699-exec-1'), ('04:33', 'task-simulation-385b7d941ebfa699-exec-1'), ('04:34', 'task-simulation-385b7d941ebfa699-exec-1'), ('04:36', 'task-simulation-385b7d941ebfa699-exec-1')]",0 days 00:00:29.244617
46,51,2025-01-01 04:04:54.783953,2024-12-31 22:06:33.019442,338.5796666666664,"[('05:51', 'task-simulation-336e7c941ec0da52-exec-1'), ('05:51', 'task-simulation-336e7c941ec0da52-exec-2'), ('05:51', 'task-simulation-336e7c941ec0da52-exec-3'), ('05:52', 'task-simulation-336e7c941ec0da52-exec-1'), ('05:53', 'task-simulation-336e7c941ec0da52-exec-2'), ('05:53', 'task-simulation-336e7c941ec0da52-exec-3'), ('05:53', 'task-simulation-336e7c941ec0da52-exec-4'), ('05:54', 'task-simulation-336e7c941ec0da52-exec-1'), ('05:54', 'task-simulation-336e7c941ec0da52-exec-2'), ('05:54', 'task-simulation-336e7c941ec0da52-exec-3'), ('05:55', 'task-simulation-336e7c941ec0da52-exec-4'), ('05:56', 'task-simulation-336e7c941ec0da52-exec-1'), ('05:56', 'task-simulation-336e7c941ec0da52-exec-2'), ('05:56', 'task-simulation-336e7c941ec0da52-exec-3'), ('05:57', 'task-simulation-336e7c941ec0da52-exec-4'), ('05:58', 'task-simulation-336e7c941ec0da52-exec-1'), ('05:58', 'task-simulation-336e7c941ec0da52-exec-2'), ('05:58', 'task-simulation-336e7c941ec0da52-exec-3'), ('05:59', 'task-simulation-336e7c941ec0da52-exec-4'), ('06:00', 'task-simulation-336e7c941ec0da52-exec-1'), ('06:00', 'task-simulation-336e7c941ec0da52-exec-2'), ('06:01', 'task-simulation-336e7c941ec0da52-exec-3'), ('06:01', 'task-simulation-336e7c941ec0da52-exec-4'), ('06:03', 'task-simulation-336e7c941ec0da52-exec-1'), ('06:03', 'task-simulation-336e7c941ec0da52-exec-2'), ('06:03', 'task-simulation-336e7c941ec0da52-exec-3'), ('06:03', 'task-simulation-336e7c941ec0da52-exec-4'), ('06:06', 'task-simulation-336e7c941ec0da52-exec-1'), ('06:06', 'task-simulation-336e7c941ec0da52-exec-2'), ('06:06', 'task-simulation-336e7c941ec0da52-exec-3'), ('06:06', 'task-simulation-336e7c941ec0da52-exec-4'), ('06:09', 'task-simulation-336e7c941ec0da52-exec-1'), ('06:09', 'task-simulation-336e7c941ec0da52-exec-2'), ('06:09', 'task-simulation-336e7c941ec0da52-exec-3'), ('06:09', 'task-simulation-336e7c941ec0da52-exec-4'), ('06:11', 'task-simulation-336e7c941ec0da52-exec-1'), ('06:11', 'task-simulation-336e7c941ec0da52-exec-2'), ('06:12', 'task-simulation-336e7c941ec0da52-exec-3'), ('06:12', 'task-simulation-336e7c941ec0da52-exec-4'), ('06:14', 'task-simulation-336e7c941ec0da52-exec-1'), ('06:14', 'task-simulation-336e7c941ec0da52-exec-2'), ('06:14', 'task-simulation-336e7c941ec0da52-exec-3'), ('06:14', 'task-simulation-336e7c941ec0da52-exec-4'), ('06:16', 'task-simulation-336e7c941ec0da52-exec-1'), ('06:17', 'task-simulation-336e7c941ec0da52-exec-2'), ('06:17', 'task-simulation-336e7c941ec0da52-exec-3'), ('06:17', 'task-simulation-336e7c941ec0da52-exec-4'), ('06:19', 'task-simulation-336e7c941ec0da52-exec-1'), ('06:19', 'task-simulation-336e7c941ec0da52-exec-2'), ('06:19', 'task-simulation-336e7c941ec0da52-exec-3'), ('06:20', 'task-simulation-336e7c941ec0da52-exec-4'), ('06:22', 'task-simulation-336e7c941ec0da52-exec-1'), ('06:22', 'task-simulation-336e7c941ec0da52-exec-2'), ('06:22', 'task-simulation-336e7c941ec0da52-exec-3'), ('06:22', 'task-simulation-336e7c941ec0da52-exec-4'), ('06:25', 'task-simulation-336e7c941ec0da52-exec-1'), ('06:25', 'task-simulation-336e7c941ec0da52-exec-2'), ('06:25', 'task-simulation-336e7c941ec0da52-exec-3'), ('06:25', 'task-simulation-336e7c941ec0da52-exec-4')]",0 days 00:01:01.894817
47,52,2025-01-01 04:05:58.983724,2024-12-31 22:06:36.869233,268.26666666666654,"[('05:59', 'task-simulation-7bcfb1941ec0f99c-exec-1'), ('06:01', 'task-simulation-7bcfb1941ec0f99c-exec-1'), ('06:01', 'task-simulation-7bcfb1941ec0f99c-exec-2'), ('06:01', 'task-simulation-7bcfb1941ec0f99c-exec-3'), ('06:03', 'task-simulation-7bcfb1941ec0f99c-exec-1'), ('06:04', 'task-simulation-7bcfb1941ec0f99c-exec-2'), ('06:04', 'task-simulation-7bcfb1941ec0f99c-exec-3'), ('06:04', 'task-simulation-7bcfb1941ec0f99c-exec-4'), ('06:07', 'task-simulation-7bcfb1941ec0f99c-exec-1'), ('06:07', 'task-simulation-7bcfb1941ec0f99c-exec-2'), ('06:07', 'task-simulation-7bcfb1941ec0f99c-exec-3'), ('06:07', 'task-simulation-7bcfb1941ec0f99c-exec-4'), ('06:09', 'task-simulation-7bcfb1941ec0f99c-exec-1'), ('06:10', 'task-simulation-7bcfb1941ec0f99c-exec-2'), ('06:10', 'task-simulation-7bcfb1941ec0f99c-exec-3'), ('06:10', 'task-simulation-7bcfb1941ec0f99c-exec-4'), ('06:12', 'task-simulation-7bcfb1941ec0f99c-exec-1'), ('06:12', 'task-simulation-7bcfb1941ec0f99c-exec-2'), ('06:12', 'task-simulation-7bcfb1941ec0f99c-exec-3'), ('06:12', 'task-simulation-7bcfb1941ec0f99c-exec-4'), ('06:15', 'task-simulation-7bcfb1941ec0f99c-exec-1'), ('06:15', 'task-simulation-7bcfb1941ec0f99c-exec-2'), ('06:15', 'task-simulation-7bcfb1941ec0f99c-exec-3'), ('06:15', 'task-simulation-7bcfb1941ec0f99c-exec-4'), ('06:17', 'task-simulation-7bcfb1941ec0f99c-exec-1'), ('06:17', 'task-simulation-7bcfb1941ec0f99c-exec-2'), ('06:17', 'task-simulation-7bcfb1941ec0f99c-exec-3'), ('06:18', 'task-simulation-7bcfb1941ec0f99c-exec-4'), ('06:20', 'task-simulation-7bcfb1941ec0f99c-exec-1'), ('06:20', 'task-simulation-7bcfb1941ec0f99c-exec-2'), ('06:20', 'task-simulation-7bcfb1941ec0f99c-exec-3'), ('06:20', 'task-simulation-7bcfb1941ec0f99c-exec-4'), ('06:22', 'task-simulation-7bcfb1941ec0f99c-exec-1'), ('06:23', 'task-simulation-7bcfb1941ec0f99c-exec-2'), ('06:23', 'task-simulation-7bcfb1941ec0f99c-exec-3'), ('06:23', 'task-simulation-7bcfb1941ec0f99c-exec-4'), ('06:25', 'task-simulation-7bcfb1941ec0f99c-exec-1'), ('06:26', 'task-simulation-7bcfb1941ec0f99c-exec-2'), ('06:26', 'task-simulation-7bcfb1941ec0f99c-exec-3'), ('06:26', 'task-simulation-7bcfb1941ec0f99c-exec-4'), ('06:28', 'task-simulation-7bcfb1941ec0f99c-exec-1'), ('06:28', 'task-simulation-7bcfb1941ec0f99c-exec-2'), ('06:29', 'task-simulation-7bcfb1941ec0f99c-exec-3'), ('06:29', 'task-simulation-7bcfb1941ec0f99c-exec-4'), ('06:31', 'task-simulation-7bcfb1941ec0f99c-exec-2'), ('06:31', 'task-simulation-7bcfb1941ec0f99c-exec-3'), ('06:32', 'task-simulation-7bcfb1941ec0f99c-exec-4')]",0 days 00:00:58.460342
48,53,2025-01-01 04:06:53.467599,2024-12-31 22:07:58.837224,963.7546666666694,"[('06:24', 'task-simulation-24d083941ec15b1e-exec-1'), ('06:24', 'task-simulation-24d083941ec15b1e-exec-2'), ('06:27', 'task-simulation-24d083941ec15b1e-exec-1'), ('06:28', 'task-simulation-24d083941ec15b1e-exec-2'), ('06:28', 'task-simulation-24d083941ec15b1e-exec-3'), ('06:28', 'task-simulation-24d083941ec15b1e-exec-4'), ('06:30', 'task-simulation-24d083941ec15b1e-exec-1'), ('06:30', 'task-simulation-24d083941ec15b1e-exec-2'), ('06:31', 'task-simulation-24d083941ec15b1e-exec-3'), ('06:31', 'task-simulation-24d083941ec15b1e-exec-4'), ('06:33', 'task-simulation-24d083941ec15b1e-exec-1'), ('06:33', 'task-simulation-24d083941ec15b1e-exec-2'), ('06:33', 'task-simulation-24d083941ec15b1e-exec-3'), ('06:33', 'task-simulation-24d083941ec15b1e-exec-4'), ('06:35', 'task-simulation-24d083941ec15b1e-exec-1'), ('06:35', 'task-simulation-24d083941ec15b1e-exec-2'), ('06:35', 'task-simulation-24d083941ec15b1e-exec-3'), ('06:35', 'task-simulation-24d083941ec15b1e-exec-4'), ('06:37', 'task-simulation-24d083941ec15b1e-exec-1'), ('06:37', 'task-simulation-24d083941ec15b1e-exec-2'), ('06:37', 'task-simulation-24d083941ec15b1e-exec-3'), ('06:37', 'task-simulation-24d083941ec15b1e-exec-4'), ('06:39', 'task-simulation-24d083941ec15b1e-exec-1'), ('06:39', 'task-simulation-24d083941ec15b1e-exec-2'), ('06:39', 'task-simulation-24d083941ec15b1e-exec-3'), ('06:39', 'task-simulation-24d083941ec15b1e-exec-4'), ('06:40', 'task-simulation-24d083941ec15b1e-exec-1'), ('06:40', 'task-simulation-24d083941ec15b1e-exec-2'), ('06:41', 'task-simulation-24d083941ec15b1e-exec-3'), ('06:41', 'task-simulation-24d083941ec15b1e-exec-4'), ('06:42', 'task-simulation-24d083941ec15b1e-exec-1'), ('06:42', 'task-simulation-24d083941ec15b1e-exec-2'), ('06:42', 'task-simulation-24d083941ec15b1e-exec-3'), ('06:43', 'task-simulation-24d083941ec15b1e-exec-4'), ('06:44', 'task-simulation-24d083941ec15b1e-exec-1'), ('06:44', 'task-simulation-24d083941ec15b1e-exec-2'), ('06:44', 'task-simulation-24d083941ec15b1e-exec-3'), ('06:44', 'task-simulation-24d083941ec15b1e-exec-4'), ('06:46', 'task-simulation-24d083941ec15b1e-exec-1'), ('06:46', 'task-simulation-24d083941ec15b1e-exec-2'), ('06:46', 'task-simulation-24d083941ec15b1e-exec-3'), ('06:46', 'task-simulation-24d083941ec15b1e-exec-4'), ('06:48', 'task-simulation-24d083941ec15b1e-exec-1'), ('06:48', 'task-simulation-24d083941ec15b1e-exec-2'), ('06:48', 'task-simulation-24d083941ec15b1e-exec-3'), ('06:48', 'task-simulation-24d083941ec15b1e-exec-4'), ('06:50', 'task-simulation-24d083941ec15b1e-exec-1'), ('06:50', 'task-simulation-24d083941ec15b1e-exec-2'), ('06:50', 'task-simulation-24d083941ec15b1e-exec-3'), ('06:50', 'task-simulation-24d083941ec15b1e-exec-4'), ('06:51', 'task-simulation-24d083941ec15b1e-exec-1'), ('06:52', 'task-simulation-24d083941ec15b1e-exec-2'), ('06:52', 'task-simulation-24d083941ec15b1e-exec-3'), ('06:52', 'task-simulation-24d083941ec15b1e-exec-4'), ('06:53', 'task-simulation-24d083941ec15b1e-exec-1'), ('06:53', 'task-simulation-24d083941ec15b1e-exec-2'), ('06:54', 'task-simulation-24d083941ec15b1e-exec-3'), ('06:54', 'task-simulation-24d083941ec15b1e-exec-4'), ('06:55', 'task-simulation-24d083941ec15b1e-exec-1'), ('06:55', 'task-simulation-24d083941ec15b1e-exec-2'), ('06:55', 'task-simulation-24d083941ec15b1e-exec-3'), ('06:56', 'task-simulation-24d083941ec15b1e-exec-4'), ('06:57', 'task-simulation-24d083941ec15b1e-exec-1'), ('06:57', 'task-simulation-24d083941ec15b1e-exec-2'), ('06:57', 'task-simulation-24d083941ec15b1e-exec-3'), ('06:58', 'task-simulation-24d083941ec15b1e-exec-4'), ('06:59', 'task-simulation-24d083941ec15b1e-exec-1'), ('06:59', 'task-simulation-24d083941ec15b1e-exec-2'), ('06:59', 'task-simulation-24d083941ec15b1e-exec-3'), ('06:59', 'task-simulation-24d083941ec15b1e-exec-4'), ('07:01', 'task-simulation-24d083941ec15b1e-exec-1'), ('07:01', 'task-simulation-24d083941ec15b1e-exec-2'), ('07:01', 'task-simulation-24d083941ec15b1e-exec-3'), ('07:02', 'task-simulation-24d083941ec15b1e-exec-4'), ('07:03', 'task-simulation-24d083941ec15b1e-exec-1'), ('07:03', 'task-simulation-24d083941ec15b1e-exec-2'), ('07:03', 'task-simulation-24d083941ec15b1e-exec-3'), ('07:04', 'task-simulation-24d083941ec15b1e-exec-4'), ('07:05', 'task-simulation-24d083941ec15b1e-exec-1'), ('07:05', 'task-simulation-24d083941ec15b1e-exec-2'), ('07:05', 'task-simulation-24d083941ec15b1e-exec-3'), ('07:06', 'task-simulation-24d083941ec15b1e-exec-4'), ('07:07', 'task-simulation-24d083941ec15b1e-exec-1'), ('07:07', 'task-simulation-24d083941ec15b1e-exec-2'), ('07:07', 'task-simulation-24d083941ec15b1e-exec-3'), ('07:07', 'task-simulation-24d083941ec15b1e-exec-4'), ('07:09', 'task-simulation-24d083941ec15b1e-exec-1'), ('07:09', 'task-simulation-24d083941ec15b1e-exec-2'), ('07:09', 'task-simulation-24d083941ec15b1e-exec-3'), ('07:09', 'task-simulation-24d083941ec15b1e-exec-4'), ('07:11', 'task-simulation-24d083941ec15b1e-exec-1'), ('07:11', 'task-simulation-24d083941ec15b1e-exec-2'), ('07:11', 'task-simulation-24d083941ec15b1e-exec-3'), ('07:11', 'task-simulation-24d083941ec15b1e-exec-4'), ('07:13', 'task-simulation-24d083941ec15b1e-exec-1'), ('07:13', 'task-simulation-24d083941ec15b1e-exec-2'), ('07:13', 'task-simulation-24d083941ec15b1e-exec-3'), ('07:13', 'task-simulation-24d083941ec15b1e-exec-4'), ('07:14', 'task-simulation-24d083941ec15b1e-exec-1'), ('07:15', 'task-simulation-24d083941ec15b1e-exec-2'), ('07:15', 'task-simulation-24d083941ec15b1e-exec-3'), ('07:15', 'task-simulation-24d083941ec15b1e-exec-4'), ('07:16', 'task-simulation-24d083941ec15b1e-exec-1'), ('07:17', 'task-simulation-24d083941ec15b1e-exec-2'), ('07:17', 'task-simulation-24d083941ec15b1e-exec-3'), ('07:17', 'task-simulation-24d083941ec15b1e-exec-4'), ('07:18', 'task-simulation-24d083941ec15b1e-exec-1'), ('07:18', 'task-simulation-24d083941ec15b1e-exec-2'), ('07:19', 'task-simulation-24d083941ec15b1e-exec-3'), ('07:19', 'task-simulation-24d083941ec15b1e-exec-4'), ('07:20', 'task-simulation-24d083941ec15b1e-exec-1'), ('07:20', 'task-simulation-24d083941ec15b1e-exec-2'), ('07:21', 'task-simulation-24d083941ec15b1e-exec-3'), ('07:21', 'task-simulation-24d083941ec15b1e-exec-4'), ('07:23', 'task-simulation-24d083941ec15b1e-exec-1'), ('07:23', 'task-simulation-24d083941ec15b1e-exec-2'), ('07:23', 'task-simulation-24d083941ec15b1e-exec-3'), ('07:23', 'task-simulation-24d083941ec15b1e-exec-4'), ('07:26', 'task-simulation-24d083941ec15b1e-exec-1'), ('07:26', 'task-simulation-24d083941ec15b1e-exec-2'), ('07:26', 'task-simulation-24d083941ec15b1e-exec-3'), ('07:26', 'task-simulation-24d083941ec15b1e-exec-4'), ('07:28', 'task-simulation-24d083941ec15b1e-exec-1'), ('07:28', 'task-simulation-24d083941ec15b1e-exec-2'), ('07:29', 'task-simulation-24d083941ec15b1e-exec-3'), ('07:29', 'task-simulation-24d083941ec15b1e-exec-4'), ('07:31', 'task-simulation-24d083941ec15b1e-exec-1'), ('07:31', 'task-simulation-24d083941ec15b1e-exec-2'), ('07:31', 'task-simulation-24d083941ec15b1e-exec-3'), ('07:31', 'task-simulation-24d083941ec15b1e-exec-4'), ('07:33', 'task-simulation-24d083941ec15b1e-exec-1'), ('07:33', 'task-simulation-24d083941ec15b1e-exec-2'), ('07:34', 'task-simulation-24d083941ec15b1e-exec-3'), ('07:34', 'task-simulation-24d083941ec15b1e-exec-4'), ('07:36', 'task-simulation-24d083941ec15b1e-exec-1'), ('07:36', 'task-simulation-24d083941ec15b1e-exec-2'), ('07:36', 'task-simulation-24d083941ec15b1e-exec-3'), ('07:36', 'task-simulation-24d083941ec15b1e-exec-4'), ('07:38', 'task-simulation-24d083941ec15b1e-exec-1'), ('07:39', 'task-simulation-24d083941ec15b1e-exec-2'), ('07:39', 'task-simulation-24d083941ec15b1e-exec-3'), ('07:39', 'task-simulation-24d083941ec15b1e-exec-4'), ('07:41', 'task-simulation-24d083941ec15b1e-exec-1'), ('07:41', 'task-simulation-24d083941ec15b1e-exec-2'), ('07:41', 'task-simulation-24d083941ec15b1e-exec-3'), ('07:41', 'task-simulation-24d083941ec15b1e-exec-4'), ('07:43', 'task-simulation-24d083941ec15b1e-exec-1'), ('07:44', 'task-simulation-24d083941ec15b1e-exec-2'), ('07:44', 'task-simulation-24d083941ec15b1e-exec-3'), ('07:44', 'task-simulation-24d083941ec15b1e-exec-4'), ('07:45', 'task-simulation-24d083941ec15b1e-exec-1'), ('07:46', 'task-simulation-24d083941ec15b1e-exec-2'), ('07:46', 'task-simulation-24d083941ec15b1e-exec-3'), ('07:46', 'task-simulation-24d083941ec15b1e-exec-4'), ('07:47', 'task-simulation-24d083941ec15b1e-exec-1'), ('07:47', 'task-simulation-24d083941ec15b1e-exec-2'), ('07:48', 'task-simulation-24d083941ec15b1e-exec-3'), ('07:48', 'task-simulation-24d083941ec15b1e-exec-4'), ('07:49', 'task-simulation-24d083941ec15b1e-exec-1'), ('07:49', 'task-simulation-24d083941ec15b1e-exec-2'), ('07:50', 'task-simulation-24d083941ec15b1e-exec-3'), ('07:50', 'task-simulation-24d083941ec15b1e-exec-4'), ('07:51', 'task-simulation-24d083941ec15b1e-exec-1'), ('07:51', 'task-simulation-24d083941ec15b1e-exec-2'), ('07:52', 'task-simulation-24d083941ec15b1e-exec-3'), ('07:52', 'task-simulation-24d083941ec15b1e-exec-4'), ('07:53', 'task-simulation-24d083941ec15b1e-exec-1'), ('07:53', 'task-simulation-24d083941ec15b1e-exec-2'), ('07:53', 'task-simulation-24d083941ec15b1e-exec-3'), ('07:54', 'task-simulation-24d083941ec15b1e-exec-4')]",0 days 00:01:56.075294
49,54,2025-01-01 04:07:15.276910,2024-12-31 22:07:47.387713,199.7333333333334,"[('07:21', 'task-simulation-2b802b941ec23542-exec-1'), ('07:21', 'task-simulation-2b802b941ec23542-exec-2'), ('07:21', 'task-simulation-2b802b941ec23542-exec-3'), ('07:24', 'task-simulation-2b802b941ec23542-exec-1'), ('07:24', 'task-simulation-2b802b941ec23542-exec-2'), ('07:24', 'task-simulation-2b802b941ec23542-exec-3'), ('07:24', 'task-simulation-2b802b941ec23542-exec-4'), ('07:26', 'task-simulation-2b802b941ec23542-exec-1'), ('07:26', 'task-simulation-2b802b941ec23542-exec-2'), ('07:27', 'task-simulation-2b802b941ec23542-exec-3'), ('07:27', 'task-simulation-2b802b941ec23542-exec-4'), ('07:29', 'task-simulation-2b802b941ec23542-exec-1'), ('07:29', 'task-simulation-2b802b941ec23542-exec-2'), ('07:29', 'task-simulation-2b802b941ec23542-exec-3'), ('07:29', 'task-simulation-2b802b941ec23542-exec-4'), ('07:32', 'task-simulation-2b802b941ec23542-exec-1'), ('07:32', 'task-simulation-2b802b941ec23542-exec-2'), ('07:32', 'task-simulation-2b802b941ec23542-exec-3'), ('07:32', 'task-simulation-2b802b941ec23542-exec-4'), ('07:34', 'task-simulation-2b802b941ec23542-exec-1'), ('07:34', 'task-simulation-2b802b941ec23542-exec-2'), ('07:34', 'task-simulation-2b802b941ec23542-exec-3'), ('07:34', 'task-simulation-2b802b941ec23542-exec-4'), ('07:36', 'task-simulation-2b802b941ec23542-exec-1'), ('07:37', 'task-simulation-2b802b941ec23542-exec-2'), ('07:37', 'task-simulation-2b802b941ec23542-exec-3'), ('07:37', 'task-simulation-2b802b941ec23542-exec-4'), ('07:39', 'task-simulation-2b802b941ec23542-exec-1'), ('07:39', 'task-simulation-2b802b941ec23542-exec-2'), ('07:39', 'task-simulation-2b802b941ec23542-exec-3'), ('07:40', 'task-simulation-2b802b941ec23542-exec-4'), ('07:42', 'task-simulation-2b802b941ec23542-exec-1'), ('07:42', 'task-simulation-2b802b941ec23542-exec-2'), ('07:42', 'task-simulation-2b802b941ec23542-exec-3'), ('07:42', 'task-simulation-2b802b941ec23542-exec-4')]",0 days 00:00:48.250122
