job_id,start_time,end_time,carbon_footprint,executors
0,2024-12-08 03:25:51.769641,2024-12-08 03:26:40.799757,249.4600000000001,"[('26:18', 'tpc-h-v3-0-0-spark-93f2cc93a44d8696-exec-1'), ('26:19', 'tpc-h-v3-0-0-spark-93f2cc93a44d8696-exec-1'), ('26:20', 'tpc-h-v3-0-0-spark-93f2cc93a44d8696-exec-2'), ('26:20', 'tpc-h-v3-0-0-spark-93f2cc93a44d8696-exec-3'), ('26:22', 'tpc-h-v3-0-0-spark-93f2cc93a44d8696-exec-1'), ('26:22', 'tpc-h-v3-0-0-spark-93f2cc93a44d8696-exec-2'), ('26:22', 'tpc-h-v3-0-0-spark-93f2cc93a44d8696-exec-3'), ('26:23', 'tpc-h-v3-0-0-spark-93f2cc93a44d8696-exec-4'), ('26:23', 'tpc-h-v3-0-0-spark-93f2cc93a44d8696-exec-5'), ('26:23', 'tpc-h-v3-0-0-spark-93f2cc93a44d8696-exec-6'), ('26:24', 'tpc-h-v3-0-0-spark-93f2cc93a44d8696-exec-7'), ('26:24', 'tpc-h-v3-0-0-spark-93f2cc93a44d8696-exec-8'), ('26:26', 'tpc-h-v3-0-0-spark-93f2cc93a44d8696-exec-1'), ('26:26', 'tpc-h-v3-0-0-spark-93f2cc93a44d8696-exec-2'), ('26:26', 'tpc-h-v3-0-0-spark-93f2cc93a44d8696-exec-3'), ('26:27', 'tpc-h-v3-0-0-spark-93f2cc93a44d8696-exec-4'), ('26:27', 'tpc-h-v3-0-0-spark-93f2cc93a44d8696-exec-5'), ('26:27', 'tpc-h-v3-0-0-spark-93f2cc93a44d8696-exec-6'), ('26:27', 'tpc-h-v3-0-0-spark-93f2cc93a44d8696-exec-7'), ('26:28', 'tpc-h-v3-0-0-spark-93f2cc93a44d8696-exec-8'), ('26:30', 'tpc-h-v3-0-0-spark-93f2cc93a44d8696-exec-1'), ('26:30', 'tpc-h-v3-0-0-spark-93f2cc93a44d8696-exec-2'), ('26:30', 'tpc-h-v3-0-0-spark-93f2cc93a44d8696-exec-3'), ('26:31', 'tpc-h-v3-0-0-spark-93f2cc93a44d8696-exec-4'), ('26:31', 'tpc-h-v3-0-0-spark-93f2cc93a44d8696-exec-5'), ('26:31', 'tpc-h-v3-0-0-spark-93f2cc93a44d8696-exec-6'), ('26:32', 'tpc-h-v3-0-0-spark-93f2cc93a44d8696-exec-7'), ('26:32', 'tpc-h-v3-0-0-spark-93f2cc93a44d8696-exec-8'), ('26:35', 'tpc-h-v3-0-0-spark-93f2cc93a44d8696-exec-1'), ('26:36', 'tpc-h-v3-0-0-spark-93f2cc93a44d8696-exec-4')]"
1,2024-12-08 03:26:01.348846,2024-12-08 03:26:44.695449,33.26133333333333,"[('26:29', 'tpc-h-v3-0-0-spark-6cb7df93a44dadb2-exec-1'), ('26:29', 'tpc-h-v3-0-0-spark-6cb7df93a44dadb2-exec-2'), ('26:34', 'tpc-h-v3-0-0-spark-6cb7df93a44dadb2-exec-1'), ('26:35', 'tpc-h-v3-0-0-spark-6cb7df93a44dadb2-exec-2')]"
2,2024-12-08 03:26:03.651279,2024-12-08 03:30:01.707979,2479.5226666666626,"[('26:32', 'tpc-h-v3-0-0-spark-fab63b93a44db529-exec-1'), ('26:37', 'tpc-h-v3-0-0-spark-fab63b93a44db529-exec-1'), ('26:37', 'tpc-h-v3-0-0-spark-fab63b93a44db529-exec-2'), ('26:38', 'tpc-h-v3-0-0-spark-fab63b93a44db529-exec-3'), ('26:38', 'tpc-h-v3-0-0-spark-fab63b93a44db529-exec-4'), ('26:38', 'tpc-h-v3-0-0-spark-fab63b93a44db529-exec-5'), ('26:39', 'tpc-h-v3-0-0-spark-fab63b93a44db529-exec-6'), ('26:39', 'tpc-h-v3-0-0-spark-fab63b93a44db529-exec-7'), ('26:39', 'tpc-h-v3-0-0-spark-fab63b93a44db529-exec-8'), ('26:41', 'tpc-h-v3-0-0-spark-fab63b93a44db529-exec-1'), ('26:41', 'tpc-h-v3-0-0-spark-fab63b93a44db529-exec-2'), ('26:42', 'tpc-h-v3-0-0-spark-fab63b93a44db529-exec-3'), ('26:42', 'tpc-h-v3-0-0-spark-fab63b93a44db529-exec-4'), ('26:42', 'tpc-h-v3-0-0-spark-fab63b93a44db529-exec-5'), ('26:43', 'tpc-h-v3-0-0-spark-fab63b93a44db529-exec-6'), ('26:43', 'tpc-h-v3-0-0-spark-fab63b93a44db529-exec-7'), ('26:43', 'tpc-h-v3-0-0-spark-fab63b93a44db529-exec-8'), ('26:45', 'tpc-h-v3-0-0-spark-fab63b93a44db529-exec-1'), ('26:45', 'tpc-h-v3-0-0-spark-fab63b93a44db529-exec-2'), ('26:46', 'tpc-h-v3-0-0-spark-fab63b93a44db529-exec-3'), ('26:46', 'tpc-h-v3-0-0-spark-fab63b93a44db529-exec-4'), ('26:47', 'tpc-h-v3-0-0-spark-fab63b93a44db529-exec-5'), ('26:47', 'tpc-h-v3-0-0-spark-fab63b93a44db529-exec-6'), ('26:47', 'tpc-h-v3-0-0-spark-fab63b93a44db529-exec-7'), ('26:48', 'tpc-h-v3-0-0-spark-fab63b93a44db529-exec-8'), ('26:49', 'tpc-h-v3-0-0-spark-fab63b93a44db529-exec-1'), ('26:49', 'tpc-h-v3-0-0-spark-fab63b93a44db529-exec-2'), ('26:50', 'tpc-h-v3-0-0-spark-fab63b93a44db529-exec-3'), ('26:50', 'tpc-h-v3-0-0-spark-fab63b93a44db529-exec-4'), ('26:50', 'tpc-h-v3-0-0-spark-fab63b93a44db529-exec-5'), ('26:51', 'tpc-h-v3-0-0-spark-fab63b93a44db529-exec-6'), ('26:51', 'tpc-h-v3-0-0-spark-fab63b93a44db529-exec-7'), ('26:51', 'tpc-h-v3-0-0-spark-fab63b93a44db529-exec-8'), ('26:53', 'tpc-h-v3-0-0-spark-fab63b93a44db529-exec-1'), ('26:53', 'tpc-h-v3-0-0-spark-fab63b93a44db529-exec-2'), ('26:53', 'tpc-h-v3-0-0-spark-fab63b93a44db529-exec-3'), ('26:54', 'tpc-h-v3-0-0-spark-fab63b93a44db529-exec-4'), ('26:54', 'tpc-h-v3-0-0-spark-fab63b93a44db529-exec-5'), ('26:54', 'tpc-h-v3-0-0-spark-fab63b93a44db529-exec-6'), ('26:55', 'tpc-h-v3-0-0-spark-fab63b93a44db529-exec-7'), ('26:55', 'tpc-h-v3-0-0-spark-fab63b93a44db529-exec-8'), ('26:56', 'tpc-h-v3-0-0-spark-fab63b93a44db529-exec-1'), ('26:57', 'tpc-h-v3-0-0-spark-fab63b93a44db529-exec-2'), ('26:57', 'tpc-h-v3-0-0-spark-fab63b93a44db529-exec-3'), ('26:57', 'tpc-h-v3-0-0-spark-fab63b93a44db529-exec-4'), ('26:58', 'tpc-h-v3-0-0-spark-fab63b93a44db529-exec-5'), ('26:58', 'tpc-h-v3-0-0-spark-fab63b93a44db529-exec-6'), ('26:58', 'tpc-h-v3-0-0-spark-fab63b93a44db529-exec-7'), ('26:59', 'tpc-h-v3-0-0-spark-fab63b93a44db529-exec-8'), ('27:00', 'tpc-h-v3-0-0-spark-fab63b93a44db529-exec-1'), ('27:00', 'tpc-h-v3-0-0-spark-fab63b93a44db529-exec-2'), ('27:01', 'tpc-h-v3-0-0-spark-fab63b93a44db529-exec-3'), ('27:01', 'tpc-h-v3-0-0-spark-fab63b93a44db529-exec-4'), ('27:01', 'tpc-h-v3-0-0-spark-fab63b93a44db529-exec-5'), ('27:01', 'tpc-h-v3-0-0-spark-fab63b93a44db529-exec-6'), ('27:02', 'tpc-h-v3-0-0-spark-fab63b93a44db529-exec-7'), ('27:02', 'tpc-h-v3-0-0-spark-fab63b93a44db529-exec-8'), ('27:03', 'tpc-h-v3-0-0-spark-fab63b93a44db529-exec-1'), ('27:04', 'tpc-h-v3-0-0-spark-fab63b93a44db529-exec-2'), ('27:04', 'tpc-h-v3-0-0-spark-fab63b93a44db529-exec-3'), ('27:05', 'tpc-h-v3-0-0-spark-fab63b93a44db529-exec-4'), ('27:05', 'tpc-h-v3-0-0-spark-fab63b93a44db529-exec-5'), ('27:05', 'tpc-h-v3-0-0-spark-fab63b93a44db529-exec-6'), ('27:06', 'tpc-h-v3-0-0-spark-fab63b93a44db529-exec-7'), ('27:06', 'tpc-h-v3-0-0-spark-fab63b93a44db529-exec-8'), ('27:07', 'tpc-h-v3-0-0-spark-fab63b93a44db529-exec-1'), ('27:08', 'tpc-h-v3-0-0-spark-fab63b93a44db529-exec-2'), ('27:08', 'tpc-h-v3-0-0-spark-fab63b93a44db529-exec-3'), ('27:08', 'tpc-h-v3-0-0-spark-fab63b93a44db529-exec-4'), ('27:09', 'tpc-h-v3-0-0-spark-fab63b93a44db529-exec-5'), ('27:09', 'tpc-h-v3-0-0-spark-fab63b93a44db529-exec-6'), ('27:09', 'tpc-h-v3-0-0-spark-fab63b93a44db529-exec-7'), ('27:10', 'tpc-h-v3-0-0-spark-fab63b93a44db529-exec-8'), ('27:11', 'tpc-h-v3-0-0-spark-fab63b93a44db529-exec-1'), ('27:12', 'tpc-h-v3-0-0-spark-fab63b93a44db529-exec-2'), ('27:12', 'tpc-h-v3-0-0-spark-fab63b93a44db529-exec-3'), ('27:13', 'tpc-h-v3-0-0-spark-fab63b93a44db529-exec-4'), ('27:13', 'tpc-h-v3-0-0-spark-fab63b93a44db529-exec-5'), ('27:13', 'tpc-h-v3-0-0-spark-fab63b93a44db529-exec-6'), ('27:14', 'tpc-h-v3-0-0-spark-fab63b93a44db529-exec-7'), ('27:14', 'tpc-h-v3-0-0-spark-fab63b93a44db529-exec-8'), ('27:17', 'tpc-h-v3-0-0-spark-fab63b93a44db529-exec-1'), ('27:17', 'tpc-h-v3-0-0-spark-fab63b93a44db529-exec-2'), ('27:17', 'tpc-h-v3-0-0-spark-fab63b93a44db529-exec-3'), ('27:18', 'tpc-h-v3-0-0-spark-fab63b93a44db529-exec-4'), ('27:18', 'tpc-h-v3-0-0-spark-fab63b93a44db529-exec-5'), ('27:19', 'tpc-h-v3-0-0-spark-fab63b93a44db529-exec-6'), ('27:19', 'tpc-h-v3-0-0-spark-fab63b93a44db529-exec-7'), ('27:19', 'tpc-h-v3-0-0-spark-fab63b93a44db529-exec-8'), ('27:21', 'tpc-h-v3-0-0-spark-fab63b93a44db529-exec-1'), ('27:21', 'tpc-h-v3-0-0-spark-fab63b93a44db529-exec-2'), ('27:21', 'tpc-h-v3-0-0-spark-fab63b93a44db529-exec-3'), ('27:22', 'tpc-h-v3-0-0-spark-fab63b93a44db529-exec-4'), ('27:22', 'tpc-h-v3-0-0-spark-fab63b93a44db529-exec-5'), ('27:22', 'tpc-h-v3-0-0-spark-fab63b93a44db529-exec-6'), ('27:22', 'tpc-h-v3-0-0-spark-fab63b93a44db529-exec-7'), ('27:23', 'tpc-h-v3-0-0-spark-fab63b93a44db529-exec-8'), ('27:24', 'tpc-h-v3-0-0-spark-fab63b93a44db529-exec-1'), ('27:25', 'tpc-h-v3-0-0-spark-fab63b93a44db529-exec-2'), ('27:25', 'tpc-h-v3-0-0-spark-fab63b93a44db529-exec-3'), ('27:25', 'tpc-h-v3-0-0-spark-fab63b93a44db529-exec-4'), ('27:26', 'tpc-h-v3-0-0-spark-fab63b93a44db529-exec-5'), ('27:26', 'tpc-h-v3-0-0-spark-fab63b93a44db529-exec-6'), ('27:26', 'tpc-h-v3-0-0-spark-fab63b93a44db529-exec-7'), ('27:27', 'tpc-h-v3-0-0-spark-fab63b93a44db529-exec-8'), ('27:28', 'tpc-h-v3-0-0-spark-fab63b93a44db529-exec-1'), ('27:28', 'tpc-h-v3-0-0-spark-fab63b93a44db529-exec-2'), ('27:29', 'tpc-h-v3-0-0-spark-fab63b93a44db529-exec-3'), ('27:29', 'tpc-h-v3-0-0-spark-fab63b93a44db529-exec-4'), ('27:29', 'tpc-h-v3-0-0-spark-fab63b93a44db529-exec-5'), ('27:30', 'tpc-h-v3-0-0-spark-fab63b93a44db529-exec-6'), ('27:30', 'tpc-h-v3-0-0-spark-fab63b93a44db529-exec-7'), ('27:31', 'tpc-h-v3-0-0-spark-fab63b93a44db529-exec-8'), ('27:32', 'tpc-h-v3-0-0-spark-fab63b93a44db529-exec-1'), ('27:32', 'tpc-h-v3-0-0-spark-fab63b93a44db529-exec-2'), ('27:33', 'tpc-h-v3-0-0-spark-fab63b93a44db529-exec-3'), ('27:33', 'tpc-h-v3-0-0-spark-fab63b93a44db529-exec-4'), ('27:33', 'tpc-h-v3-0-0-spark-fab63b93a44db529-exec-5'), ('27:34', 'tpc-h-v3-0-0-spark-fab63b93a44db529-exec-6'), ('27:34', 'tpc-h-v3-0-0-spark-fab63b93a44db529-exec-7'), ('27:35', 'tpc-h-v3-0-0-spark-fab63b93a44db529-exec-8'), ('27:36', 'tpc-h-v3-0-0-spark-fab63b93a44db529-exec-1'), ('27:37', 'tpc-h-v3-0-0-spark-fab63b93a44db529-exec-2'), ('27:37', 'tpc-h-v3-0-0-spark-fab63b93a44db529-exec-3'), ('27:37', 'tpc-h-v3-0-0-spark-fab63b93a44db529-exec-4'), ('27:38', 'tpc-h-v3-0-0-spark-fab63b93a44db529-exec-5'), ('27:38', 'tpc-h-v3-0-0-spark-fab63b93a44db529-exec-6'), ('27:38', 'tpc-h-v3-0-0-spark-fab63b93a44db529-exec-7'), ('27:39', 'tpc-h-v3-0-0-spark-fab63b93a44db529-exec-8'), ('27:41', 'tpc-h-v3-0-0-spark-fab63b93a44db529-exec-1'), ('27:41', 'tpc-h-v3-0-0-spark-fab63b93a44db529-exec-2'), ('27:41', 'tpc-h-v3-0-0-spark-fab63b93a44db529-exec-3'), ('27:41', 'tpc-h-v3-0-0-spark-fab63b93a44db529-exec-4'), ('27:42', 'tpc-h-v3-0-0-spark-fab63b93a44db529-exec-5'), ('27:42', 'tpc-h-v3-0-0-spark-fab63b93a44db529-exec-6'), ('27:42', 'tpc-h-v3-0-0-spark-fab63b93a44db529-exec-7'), ('27:43', 'tpc-h-v3-0-0-spark-fab63b93a44db529-exec-8'), ('27:44', 'tpc-h-v3-0-0-spark-fab63b93a44db529-exec-1'), ('27:45', 'tpc-h-v3-0-0-spark-fab63b93a44db529-exec-2'), ('27:45', 'tpc-h-v3-0-0-spark-fab63b93a44db529-exec-3'), ('27:45', 'tpc-h-v3-0-0-spark-fab63b93a44db529-exec-4'), ('27:46', 'tpc-h-v3-0-0-spark-fab63b93a44db529-exec-5'), ('27:46', 'tpc-h-v3-0-0-spark-fab63b93a44db529-exec-6'), ('27:46', 'tpc-h-v3-0-0-spark-fab63b93a44db529-exec-7'), ('27:47', 'tpc-h-v3-0-0-spark-fab63b93a44db529-exec-8'), ('27:48', 'tpc-h-v3-0-0-spark-fab63b93a44db529-exec-1'), ('27:48', 'tpc-h-v3-0-0-spark-fab63b93a44db529-exec-2'), ('27:49', 'tpc-h-v3-0-0-spark-fab63b93a44db529-exec-3'), ('27:49', 'tpc-h-v3-0-0-spark-fab63b93a44db529-exec-4'), ('27:50', 'tpc-h-v3-0-0-spark-fab63b93a44db529-exec-5'), ('27:50', 'tpc-h-v3-0-0-spark-fab63b93a44db529-exec-6'), ('27:50', 'tpc-h-v3-0-0-spark-fab63b93a44db529-exec-7'), ('27:50', 'tpc-h-v3-0-0-spark-fab63b93a44db529-exec-8'), ('27:52', 'tpc-h-v3-0-0-spark-fab63b93a44db529-exec-1'), ('27:53', 'tpc-h-v3-0-0-spark-fab63b93a44db529-exec-2'), ('27:53', 'tpc-h-v3-0-0-spark-fab63b93a44db529-exec-3'), ('27:53', 'tpc-h-v3-0-0-spark-fab63b93a44db529-exec-4'), ('27:53', 'tpc-h-v3-0-0-spark-fab63b93a44db529-exec-5'), ('27:54', 'tpc-h-v3-0-0-spark-fab63b93a44db529-exec-6'), ('27:54', 'tpc-h-v3-0-0-spark-fab63b93a44db529-exec-7'), ('27:55', 'tpc-h-v3-0-0-spark-fab63b93a44db529-exec-8'), ('27:57', 'tpc-h-v3-0-0-spark-fab63b93a44db529-exec-1'), ('27:57', 'tpc-h-v3-0-0-spark-fab63b93a44db529-exec-2'), ('27:58', 'tpc-h-v3-0-0-spark-fab63b93a44db529-exec-3'), ('27:58', 'tpc-h-v3-0-0-spark-fab63b93a44db529-exec-4'), ('27:58', 'tpc-h-v3-0-0-spark-fab63b93a44db529-exec-5'), ('27:59', 'tpc-h-v3-0-0-spark-fab63b93a44db529-exec-6'), ('27:59', 'tpc-h-v3-0-0-spark-fab63b93a44db529-exec-7'), ('27:59', 'tpc-h-v3-0-0-spark-fab63b93a44db529-exec-8'), ('28:02', 'tpc-h-v3-0-0-spark-fab63b93a44db529-exec-1'), ('28:02', 'tpc-h-v3-0-0-spark-fab63b93a44db529-exec-2'), ('28:02', 'tpc-h-v3-0-0-spark-fab63b93a44db529-exec-3'), ('28:03', 'tpc-h-v3-0-0-spark-fab63b93a44db529-exec-4'), ('28:03', 'tpc-h-v3-0-0-spark-fab63b93a44db529-exec-5'), ('28:03', 'tpc-h-v3-0-0-spark-fab63b93a44db529-exec-6'), ('28:04', 'tpc-h-v3-0-0-spark-fab63b93a44db529-exec-7'), ('28:04', 'tpc-h-v3-0-0-spark-fab63b93a44db529-exec-8'), ('28:07', 'tpc-h-v3-0-0-spark-fab63b93a44db529-exec-1'), ('28:08', 'tpc-h-v3-0-0-spark-fab63b93a44db529-exec-2'), ('28:08', 'tpc-h-v3-0-0-spark-fab63b93a44db529-exec-3'), ('28:08', 'tpc-h-v3-0-0-spark-fab63b93a44db529-exec-4'), ('28:09', 'tpc-h-v3-0-0-spark-fab63b93a44db529-exec-5'), ('28:09', 'tpc-h-v3-0-0-spark-fab63b93a44db529-exec-6'), ('28:09', 'tpc-h-v3-0-0-spark-fab63b93a44db529-exec-7'), ('28:10', 'tpc-h-v3-0-0-spark-fab63b93a44db529-exec-8'), ('28:13', 'tpc-h-v3-0-0-spark-fab63b93a44db529-exec-1'), ('28:13', 'tpc-h-v3-0-0-spark-fab63b93a44db529-exec-2'), ('28:13', 'tpc-h-v3-0-0-spark-fab63b93a44db529-exec-3'), ('28:14', 'tpc-h-v3-0-0-spark-fab63b93a44db529-exec-4'), ('28:14', 'tpc-h-v3-0-0-spark-fab63b93a44db529-exec-5'), ('28:14', 'tpc-h-v3-0-0-spark-fab63b93a44db529-exec-6'), ('28:15', 'tpc-h-v3-0-0-spark-fab63b93a44db529-exec-7'), ('28:15', 'tpc-h-v3-0-0-spark-fab63b93a44db529-exec-8'), ('28:18', 'tpc-h-v3-0-0-spark-fab63b93a44db529-exec-1'), ('28:19', 'tpc-h-v3-0-0-spark-fab63b93a44db529-exec-2'), ('28:19', 'tpc-h-v3-0-0-spark-fab63b93a44db529-exec-3'), ('28:19', 'tpc-h-v3-0-0-spark-fab63b93a44db529-exec-4'), ('28:19', 'tpc-h-v3-0-0-spark-fab63b93a44db529-exec-5'), ('28:20', 'tpc-h-v3-0-0-spark-fab63b93a44db529-exec-6'), ('28:20', 'tpc-h-v3-0-0-spark-fab63b93a44db529-exec-7'), ('28:20', 'tpc-h-v3-0-0-spark-fab63b93a44db529-exec-8'), ('28:24', 'tpc-h-v3-0-0-spark-fab63b93a44db529-exec-1'), ('28:24', 'tpc-h-v3-0-0-spark-fab63b93a44db529-exec-2'), ('28:24', 'tpc-h-v3-0-0-spark-fab63b93a44db529-exec-3'), ('28:24', 'tpc-h-v3-0-0-spark-fab63b93a44db529-exec-4'), ('28:25', 'tpc-h-v3-0-0-spark-fab63b93a44db529-exec-5'), ('28:25', 'tpc-h-v3-0-0-spark-fab63b93a44db529-exec-6'), ('28:26', 'tpc-h-v3-0-0-spark-fab63b93a44db529-exec-7'), ('28:26', 'tpc-h-v3-0-0-spark-fab63b93a44db529-exec-8'), ('28:30', 'tpc-h-v3-0-0-spark-fab63b93a44db529-exec-1'), ('28:30', 'tpc-h-v3-0-0-spark-fab63b93a44db529-exec-2'), ('28:30', 'tpc-h-v3-0-0-spark-fab63b93a44db529-exec-3'), ('28:31', 'tpc-h-v3-0-0-spark-fab63b93a44db529-exec-4'), ('28:31', 'tpc-h-v3-0-0-spark-fab63b93a44db529-exec-5'), ('28:31', 'tpc-h-v3-0-0-spark-fab63b93a44db529-exec-6'), ('28:32', 'tpc-h-v3-0-0-spark-fab63b93a44db529-exec-7'), ('28:32', 'tpc-h-v3-0-0-spark-fab63b93a44db529-exec-8'), ('28:37', 'tpc-h-v3-0-0-spark-fab63b93a44db529-exec-1'), ('28:37', 'tpc-h-v3-0-0-spark-fab63b93a44db529-exec-2'), ('28:38', 'tpc-h-v3-0-0-spark-fab63b93a44db529-exec-3'), ('28:38', 'tpc-h-v3-0-0-spark-fab63b93a44db529-exec-4'), ('28:39', 'tpc-h-v3-0-0-spark-fab63b93a44db529-exec-5'), ('28:39', 'tpc-h-v3-0-0-spark-fab63b93a44db529-exec-6'), ('28:39', 'tpc-h-v3-0-0-spark-fab63b93a44db529-exec-7'), ('28:40', 'tpc-h-v3-0-0-spark-fab63b93a44db529-exec-8'), ('28:43', 'tpc-h-v3-0-0-spark-fab63b93a44db529-exec-1'), ('28:44', 'tpc-h-v3-0-0-spark-fab63b93a44db529-exec-2'), ('28:44', 'tpc-h-v3-0-0-spark-fab63b93a44db529-exec-3'), ('28:45', 'tpc-h-v3-0-0-spark-fab63b93a44db529-exec-4'), ('28:45', 'tpc-h-v3-0-0-spark-fab63b93a44db529-exec-5'), ('28:45', 'tpc-h-v3-0-0-spark-fab63b93a44db529-exec-6'), ('28:46', 'tpc-h-v3-0-0-spark-fab63b93a44db529-exec-7'), ('28:46', 'tpc-h-v3-0-0-spark-fab63b93a44db529-exec-8'), ('28:50', 'tpc-h-v3-0-0-spark-fab63b93a44db529-exec-1'), ('28:50', 'tpc-h-v3-0-0-spark-fab63b93a44db529-exec-2'), ('28:50', 'tpc-h-v3-0-0-spark-fab63b93a44db529-exec-3'), ('28:50', 'tpc-h-v3-0-0-spark-fab63b93a44db529-exec-4'), ('28:51', 'tpc-h-v3-0-0-spark-fab63b93a44db529-exec-5'), ('28:51', 'tpc-h-v3-0-0-spark-fab63b93a44db529-exec-6'), ('28:51', 'tpc-h-v3-0-0-spark-fab63b93a44db529-exec-7'), ('28:52', 'tpc-h-v3-0-0-spark-fab63b93a44db529-exec-8'), ('28:56', 'tpc-h-v3-0-0-spark-fab63b93a44db529-exec-1'), ('28:56', 'tpc-h-v3-0-0-spark-fab63b93a44db529-exec-2'), ('28:57', 'tpc-h-v3-0-0-spark-fab63b93a44db529-exec-3'), ('28:58', 'tpc-h-v3-0-0-spark-fab63b93a44db529-exec-4'), ('28:58', 'tpc-h-v3-0-0-spark-fab63b93a44db529-exec-5'), ('28:59', 'tpc-h-v3-0-0-spark-fab63b93a44db529-exec-6'), ('28:59', 'tpc-h-v3-0-0-spark-fab63b93a44db529-exec-7'), ('29:00', 'tpc-h-v3-0-0-spark-fab63b93a44db529-exec-8'), ('29:07', 'tpc-h-v3-0-0-spark-fab63b93a44db529-exec-1'), ('29:08', 'tpc-h-v3-0-0-spark-fab63b93a44db529-exec-2'), ('29:08', 'tpc-h-v3-0-0-spark-fab63b93a44db529-exec-3'), ('29:08', 'tpc-h-v3-0-0-spark-fab63b93a44db529-exec-4'), ('29:09', 'tpc-h-v3-0-0-spark-fab63b93a44db529-exec-5'), ('29:09', 'tpc-h-v3-0-0-spark-fab63b93a44db529-exec-6'), ('29:09', 'tpc-h-v3-0-0-spark-fab63b93a44db529-exec-7'), ('29:10', 'tpc-h-v3-0-0-spark-fab63b93a44db529-exec-8'), ('29:15', 'tpc-h-v3-0-0-spark-fab63b93a44db529-exec-1'), ('29:15', 'tpc-h-v3-0-0-spark-fab63b93a44db529-exec-2'), ('29:16', 'tpc-h-v3-0-0-spark-fab63b93a44db529-exec-3'), ('29:16', 'tpc-h-v3-0-0-spark-fab63b93a44db529-exec-4'), ('29:17', 'tpc-h-v3-0-0-spark-fab63b93a44db529-exec-5'), ('29:17', 'tpc-h-v3-0-0-spark-fab63b93a44db529-exec-6'), ('29:18', 'tpc-h-v3-0-0-spark-fab63b93a44db529-exec-7'), ('29:18', 'tpc-h-v3-0-0-spark-fab63b93a44db529-exec-8'), ('29:24', 'tpc-h-v3-0-0-spark-fab63b93a44db529-exec-1'), ('29:25', 'tpc-h-v3-0-0-spark-fab63b93a44db529-exec-2'), ('29:25', 'tpc-h-v3-0-0-spark-fab63b93a44db529-exec-3'), ('29:25', 'tpc-h-v3-0-0-spark-fab63b93a44db529-exec-4'), ('29:26', 'tpc-h-v3-0-0-spark-fab63b93a44db529-exec-5'), ('29:26', 'tpc-h-v3-0-0-spark-fab63b93a44db529-exec-6'), ('29:27', 'tpc-h-v3-0-0-spark-fab63b93a44db529-exec-7'), ('29:27', 'tpc-h-v3-0-0-spark-fab63b93a44db529-exec-8'), ('29:33', 'tpc-h-v3-0-0-spark-fab63b93a44db529-exec-1'), ('29:33', 'tpc-h-v3-0-0-spark-fab63b93a44db529-exec-2'), ('29:34', 'tpc-h-v3-0-0-spark-fab63b93a44db529-exec-3'), ('29:34', 'tpc-h-v3-0-0-spark-fab63b93a44db529-exec-4'), ('29:35', 'tpc-h-v3-0-0-spark-fab63b93a44db529-exec-5'), ('29:35', 'tpc-h-v3-0-0-spark-fab63b93a44db529-exec-6'), ('29:36', 'tpc-h-v3-0-0-spark-fab63b93a44db529-exec-7'), ('29:36', 'tpc-h-v3-0-0-spark-fab63b93a44db529-exec-8'), ('29:42', 'tpc-h-v3-0-0-spark-fab63b93a44db529-exec-1'), ('29:42', 'tpc-h-v3-0-0-spark-fab63b93a44db529-exec-2'), ('29:43', 'tpc-h-v3-0-0-spark-fab63b93a44db529-exec-3'), ('29:43', 'tpc-h-v3-0-0-spark-fab63b93a44db529-exec-4'), ('29:43', 'tpc-h-v3-0-0-spark-fab63b93a44db529-exec-5'), ('29:44', 'tpc-h-v3-0-0-spark-fab63b93a44db529-exec-6'), ('29:44', 'tpc-h-v3-0-0-spark-fab63b93a44db529-exec-7'), ('29:44', 'tpc-h-v3-0-0-spark-fab63b93a44db529-exec-8'), ('29:51', 'tpc-h-v3-0-0-spark-fab63b93a44db529-exec-1'), ('29:51', 'tpc-h-v3-0-0-spark-fab63b93a44db529-exec-2'), ('29:52', 'tpc-h-v3-0-0-spark-fab63b93a44db529-exec-3'), ('29:52', 'tpc-h-v3-0-0-spark-fab63b93a44db529-exec-4'), ('29:52', 'tpc-h-v3-0-0-spark-fab63b93a44db529-exec-5'), ('29:53', 'tpc-h-v3-0-0-spark-fab63b93a44db529-exec-6'), ('29:53', 'tpc-h-v3-0-0-spark-fab63b93a44db529-exec-7'), ('29:54', 'tpc-h-v3-0-0-spark-fab63b93a44db529-exec-8')]"
3,2024-12-08 03:26:40.808700,2024-12-08 03:27:20.711358,16.648666666666667,"[('27:11', 'tpc-h-v3-0-0-spark-4df4db93a44e4a56-exec-1'), ('27:16', 'tpc-h-v3-0-0-spark-4df4db93a44e4a56-exec-1')]"
4,2024-12-08 03:27:11.079127,2024-12-08 03:29:19.783465,402.35966666666684,"[('27:40', 'tpc-h-v3-0-0-spark-b3d4b393a44ec02a-exec-1'), ('27:44', 'tpc-h-v3-0-0-spark-b3d4b393a44ec02a-exec-1'), ('27:48', 'tpc-h-v3-0-0-spark-b3d4b393a44ec02a-exec-1'), ('27:52', 'tpc-h-v3-0-0-spark-b3d4b393a44ec02a-exec-1'), ('27:56', 'tpc-h-v3-0-0-spark-b3d4b393a44ec02a-exec-1'), ('27:57', 'tpc-h-v3-0-0-spark-b3d4b393a44ec02a-exec-2'), ('28:01', 'tpc-h-v3-0-0-spark-b3d4b393a44ec02a-exec-1'), ('28:01', 'tpc-h-v3-0-0-spark-b3d4b393a44ec02a-exec-2'), ('28:06', 'tpc-h-v3-0-0-spark-b3d4b393a44ec02a-exec-1'), ('28:07', 'tpc-h-v3-0-0-spark-b3d4b393a44ec02a-exec-2'), ('28:07', 'tpc-h-v3-0-0-spark-b3d4b393a44ec02a-exec-3'), ('28:11', 'tpc-h-v3-0-0-spark-b3d4b393a44ec02a-exec-1'), ('28:12', 'tpc-h-v3-0-0-spark-b3d4b393a44ec02a-exec-2'), ('28:12', 'tpc-h-v3-0-0-spark-b3d4b393a44ec02a-exec-3'), ('28:17', 'tpc-h-v3-0-0-spark-b3d4b393a44ec02a-exec-1'), ('28:17', 'tpc-h-v3-0-0-spark-b3d4b393a44ec02a-exec-2'), ('28:17', 'tpc-h-v3-0-0-spark-b3d4b393a44ec02a-exec-3'), ('28:18', 'tpc-h-v3-0-0-spark-b3d4b393a44ec02a-exec-4'), ('28:22', 'tpc-h-v3-0-0-spark-b3d4b393a44ec02a-exec-1'), ('28:22', 'tpc-h-v3-0-0-spark-b3d4b393a44ec02a-exec-2'), ('28:23', 'tpc-h-v3-0-0-spark-b3d4b393a44ec02a-exec-3'), ('28:23', 'tpc-h-v3-0-0-spark-b3d4b393a44ec02a-exec-4'), ('28:28', 'tpc-h-v3-0-0-spark-b3d4b393a44ec02a-exec-1'), ('28:29', 'tpc-h-v3-0-0-spark-b3d4b393a44ec02a-exec-2'), ('28:29', 'tpc-h-v3-0-0-spark-b3d4b393a44ec02a-exec-3'), ('28:29', 'tpc-h-v3-0-0-spark-b3d4b393a44ec02a-exec-4'), ('28:35', 'tpc-h-v3-0-0-spark-b3d4b393a44ec02a-exec-1'), ('28:36', 'tpc-h-v3-0-0-spark-b3d4b393a44ec02a-exec-2'), ('28:36', 'tpc-h-v3-0-0-spark-b3d4b393a44ec02a-exec-3'), ('28:37', 'tpc-h-v3-0-0-spark-b3d4b393a44ec02a-exec-4'), ('28:42', 'tpc-h-v3-0-0-spark-b3d4b393a44ec02a-exec-1'), ('28:42', 'tpc-h-v3-0-0-spark-b3d4b393a44ec02a-exec-2'), ('28:43', 'tpc-h-v3-0-0-spark-b3d4b393a44ec02a-exec-3'), ('28:43', 'tpc-h-v3-0-0-spark-b3d4b393a44ec02a-exec-4'), ('28:48', 'tpc-h-v3-0-0-spark-b3d4b393a44ec02a-exec-1'), ('28:49', 'tpc-h-v3-0-0-spark-b3d4b393a44ec02a-exec-2'), ('28:49', 'tpc-h-v3-0-0-spark-b3d4b393a44ec02a-exec-3'), ('28:49', 'tpc-h-v3-0-0-spark-b3d4b393a44ec02a-exec-4'), ('28:54', 'tpc-h-v3-0-0-spark-b3d4b393a44ec02a-exec-1'), ('28:55', 'tpc-h-v3-0-0-spark-b3d4b393a44ec02a-exec-2'), ('28:55', 'tpc-h-v3-0-0-spark-b3d4b393a44ec02a-exec-3'), ('28:55', 'tpc-h-v3-0-0-spark-b3d4b393a44ec02a-exec-4'), ('29:05', 'tpc-h-v3-0-0-spark-b3d4b393a44ec02a-exec-1'), ('29:06', 'tpc-h-v3-0-0-spark-b3d4b393a44ec02a-exec-2'), ('29:06', 'tpc-h-v3-0-0-spark-b3d4b393a44ec02a-exec-3'), ('29:06', 'tpc-h-v3-0-0-spark-b3d4b393a44ec02a-exec-4'), ('29:07', 'tpc-h-v3-0-0-spark-b3d4b393a44ec02a-exec-5'), ('29:07', 'tpc-h-v3-0-0-spark-b3d4b393a44ec02a-exec-6')]"
5,2024-12-08 03:27:28.238076,2024-12-08 03:28:53.225335,75.57600000000001,"[('27:56', 'tpc-h-v3-0-0-spark-8f981f93a44f012a-exec-1'), ('28:01', 'tpc-h-v3-0-0-spark-8f981f93a44f012a-exec-1'), ('28:06', 'tpc-h-v3-0-0-spark-8f981f93a44f012a-exec-1'), ('28:11', 'tpc-h-v3-0-0-spark-8f981f93a44f012a-exec-1'), ('28:16', 'tpc-h-v3-0-0-spark-8f981f93a44f012a-exec-1'), ('28:22', 'tpc-h-v3-0-0-spark-8f981f93a44f012a-exec-1'), ('28:28', 'tpc-h-v3-0-0-spark-8f981f93a44f012a-exec-1'), ('28:35', 'tpc-h-v3-0-0-spark-8f981f93a44f012a-exec-1'), ('28:42', 'tpc-h-v3-0-0-spark-8f981f93a44f012a-exec-1')]"
6,2024-12-08 03:28:05.472622,2024-12-08 03:29:37.449632,58.58399999999999,"[('28:34', 'tpc-h-v3-0-0-spark-6df64493a44f9365-exec-1'), ('28:41', 'tpc-h-v3-0-0-spark-6df64493a44f9365-exec-1'), ('28:48', 'tpc-h-v3-0-0-spark-6df64493a44f9365-exec-1'), ('28:53', 'tpc-h-v3-0-0-spark-6df64493a44f9365-exec-1'), ('29:05', 'tpc-h-v3-0-0-spark-6df64493a44f9365-exec-1'), ('29:15', 'tpc-h-v3-0-0-spark-6df64493a44f9365-exec-1'), ('29:24', 'tpc-h-v3-0-0-spark-6df64493a44f9365-exec-1')]"
7,2024-12-08 03:28:27.356567,2024-12-08 03:32:33.681558,1127.4430000000016,"[('29:02', 'tpc-h-v3-0-0-spark-5a365193a44fecf6-exec-1'), ('29:03', 'tpc-h-v3-0-0-spark-5a365193a44fecf6-exec-2'), ('29:03', 'tpc-h-v3-0-0-spark-5a365193a44fecf6-exec-3'), ('29:03', 'tpc-h-v3-0-0-spark-5a365193a44fecf6-exec-4'), ('29:04', 'tpc-h-v3-0-0-spark-5a365193a44fecf6-exec-5'), ('29:04', 'tpc-h-v3-0-0-spark-5a365193a44fecf6-exec-6'), ('29:05', 'tpc-h-v3-0-0-spark-5a365193a44fecf6-exec-7'), ('29:05', 'tpc-h-v3-0-0-spark-5a365193a44fecf6-exec-8'), ('29:12', 'tpc-h-v3-0-0-spark-5a365193a44fecf6-exec-1'), ('29:12', 'tpc-h-v3-0-0-spark-5a365193a44fecf6-exec-2'), ('29:12', 'tpc-h-v3-0-0-spark-5a365193a44fecf6-exec-3'), ('29:13', 'tpc-h-v3-0-0-spark-5a365193a44fecf6-exec-4'), ('29:13', 'tpc-h-v3-0-0-spark-5a365193a44fecf6-exec-5'), ('29:14', 'tpc-h-v3-0-0-spark-5a365193a44fecf6-exec-6'), ('29:14', 'tpc-h-v3-0-0-spark-5a365193a44fecf6-exec-7'), ('29:14', 'tpc-h-v3-0-0-spark-5a365193a44fecf6-exec-8'), ('29:21', 'tpc-h-v3-0-0-spark-5a365193a44fecf6-exec-1'), ('29:21', 'tpc-h-v3-0-0-spark-5a365193a44fecf6-exec-2'), ('29:22', 'tpc-h-v3-0-0-spark-5a365193a44fecf6-exec-3'), ('29:22', 'tpc-h-v3-0-0-spark-5a365193a44fecf6-exec-4'), ('29:22', 'tpc-h-v3-0-0-spark-5a365193a44fecf6-exec-5'), ('29:23', 'tpc-h-v3-0-0-spark-5a365193a44fecf6-exec-6'), ('29:23', 'tpc-h-v3-0-0-spark-5a365193a44fecf6-exec-7'), ('29:24', 'tpc-h-v3-0-0-spark-5a365193a44fecf6-exec-8'), ('29:30', 'tpc-h-v3-0-0-spark-5a365193a44fecf6-exec-1'), ('29:30', 'tpc-h-v3-0-0-spark-5a365193a44fecf6-exec-2'), ('29:31', 'tpc-h-v3-0-0-spark-5a365193a44fecf6-exec-3'), ('29:31', 'tpc-h-v3-0-0-spark-5a365193a44fecf6-exec-4'), ('29:31', 'tpc-h-v3-0-0-spark-5a365193a44fecf6-exec-5'), ('29:32', 'tpc-h-v3-0-0-spark-5a365193a44fecf6-exec-6'), ('29:32', 'tpc-h-v3-0-0-spark-5a365193a44fecf6-exec-7'), ('29:33', 'tpc-h-v3-0-0-spark-5a365193a44fecf6-exec-8'), ('29:38', 'tpc-h-v3-0-0-spark-5a365193a44fecf6-exec-1'), ('29:39', 'tpc-h-v3-0-0-spark-5a365193a44fecf6-exec-2'), ('29:39', 'tpc-h-v3-0-0-spark-5a365193a44fecf6-exec-3'), ('29:40', 'tpc-h-v3-0-0-spark-5a365193a44fecf6-exec-4'), ('29:40', 'tpc-h-v3-0-0-spark-5a365193a44fecf6-exec-5'), ('29:40', 'tpc-h-v3-0-0-spark-5a365193a44fecf6-exec-6'), ('29:41', 'tpc-h-v3-0-0-spark-5a365193a44fecf6-exec-7'), ('29:41', 'tpc-h-v3-0-0-spark-5a365193a44fecf6-exec-8'), ('29:47', 'tpc-h-v3-0-0-spark-5a365193a44fecf6-exec-1'), ('29:47', 'tpc-h-v3-0-0-spark-5a365193a44fecf6-exec-2'), ('29:47', 'tpc-h-v3-0-0-spark-5a365193a44fecf6-exec-3'), ('29:48', 'tpc-h-v3-0-0-spark-5a365193a44fecf6-exec-4'), ('29:48', 'tpc-h-v3-0-0-spark-5a365193a44fecf6-exec-5'), ('29:48', 'tpc-h-v3-0-0-spark-5a365193a44fecf6-exec-6'), ('29:49', 'tpc-h-v3-0-0-spark-5a365193a44fecf6-exec-7'), ('29:49', 'tpc-h-v3-0-0-spark-5a365193a44fecf6-exec-8'), ('29:55', 'tpc-h-v3-0-0-spark-5a365193a44fecf6-exec-1'), ('29:56', 'tpc-h-v3-0-0-spark-5a365193a44fecf6-exec-2'), ('29:56', 'tpc-h-v3-0-0-spark-5a365193a44fecf6-exec-3'), ('29:57', 'tpc-h-v3-0-0-spark-5a365193a44fecf6-exec-4'), ('29:57', 'tpc-h-v3-0-0-spark-5a365193a44fecf6-exec-5'), ('29:57', 'tpc-h-v3-0-0-spark-5a365193a44fecf6-exec-6'), ('29:58', 'tpc-h-v3-0-0-spark-5a365193a44fecf6-exec-7'), ('29:58', 'tpc-h-v3-0-0-spark-5a365193a44fecf6-exec-8'), ('30:02', 'tpc-h-v3-0-0-spark-5a365193a44fecf6-exec-1'), ('30:02', 'tpc-h-v3-0-0-spark-5a365193a44fecf6-exec-2'), ('30:03', 'tpc-h-v3-0-0-spark-5a365193a44fecf6-exec-3'), ('30:03', 'tpc-h-v3-0-0-spark-5a365193a44fecf6-exec-4'), ('30:03', 'tpc-h-v3-0-0-spark-5a365193a44fecf6-exec-5'), ('30:04', 'tpc-h-v3-0-0-spark-5a365193a44fecf6-exec-6'), ('30:04', 'tpc-h-v3-0-0-spark-5a365193a44fecf6-exec-7'), ('30:05', 'tpc-h-v3-0-0-spark-5a365193a44fecf6-exec-8'), ('30:09', 'tpc-h-v3-0-0-spark-5a365193a44fecf6-exec-1'), ('30:10', 'tpc-h-v3-0-0-spark-5a365193a44fecf6-exec-2'), ('30:10', 'tpc-h-v3-0-0-spark-5a365193a44fecf6-exec-3'), ('30:11', 'tpc-h-v3-0-0-spark-5a365193a44fecf6-exec-4'), ('30:11', 'tpc-h-v3-0-0-spark-5a365193a44fecf6-exec-5'), ('30:12', 'tpc-h-v3-0-0-spark-5a365193a44fecf6-exec-6'), ('30:13', 'tpc-h-v3-0-0-spark-5a365193a44fecf6-exec-7'), ('30:13', 'tpc-h-v3-0-0-spark-5a365193a44fecf6-exec-8'), ('30:21', 'tpc-h-v3-0-0-spark-5a365193a44fecf6-exec-1'), ('30:22', 'tpc-h-v3-0-0-spark-5a365193a44fecf6-exec-2'), ('30:22', 'tpc-h-v3-0-0-spark-5a365193a44fecf6-exec-3'), ('30:23', 'tpc-h-v3-0-0-spark-5a365193a44fecf6-exec-4'), ('30:23', 'tpc-h-v3-0-0-spark-5a365193a44fecf6-exec-5'), ('30:23', 'tpc-h-v3-0-0-spark-5a365193a44fecf6-exec-6'), ('30:24', 'tpc-h-v3-0-0-spark-5a365193a44fecf6-exec-7'), ('30:24', 'tpc-h-v3-0-0-spark-5a365193a44fecf6-exec-8'), ('30:33', 'tpc-h-v3-0-0-spark-5a365193a44fecf6-exec-1'), ('30:33', 'tpc-h-v3-0-0-spark-5a365193a44fecf6-exec-2'), ('30:34', 'tpc-h-v3-0-0-spark-5a365193a44fecf6-exec-3'), ('30:34', 'tpc-h-v3-0-0-spark-5a365193a44fecf6-exec-4'), ('30:34', 'tpc-h-v3-0-0-spark-5a365193a44fecf6-exec-5'), ('30:35', 'tpc-h-v3-0-0-spark-5a365193a44fecf6-exec-6'), ('30:35', 'tpc-h-v3-0-0-spark-5a365193a44fecf6-exec-7'), ('30:36', 'tpc-h-v3-0-0-spark-5a365193a44fecf6-exec-8'), ('30:48', 'tpc-h-v3-0-0-spark-5a365193a44fecf6-exec-1'), ('30:48', 'tpc-h-v3-0-0-spark-5a365193a44fecf6-exec-2'), ('30:48', 'tpc-h-v3-0-0-spark-5a365193a44fecf6-exec-3'), ('30:49', 'tpc-h-v3-0-0-spark-5a365193a44fecf6-exec-4'), ('30:50', 'tpc-h-v3-0-0-spark-5a365193a44fecf6-exec-5'), ('30:50', 'tpc-h-v3-0-0-spark-5a365193a44fecf6-exec-6'), ('30:51', 'tpc-h-v3-0-0-spark-5a365193a44fecf6-exec-7'), ('30:51', 'tpc-h-v3-0-0-spark-5a365193a44fecf6-exec-8'), ('31:06', 'tpc-h-v3-0-0-spark-5a365193a44fecf6-exec-1'), ('31:07', 'tpc-h-v3-0-0-spark-5a365193a44fecf6-exec-2'), ('31:07', 'tpc-h-v3-0-0-spark-5a365193a44fecf6-exec-3'), ('31:07', 'tpc-h-v3-0-0-spark-5a365193a44fecf6-exec-4'), ('31:08', 'tpc-h-v3-0-0-spark-5a365193a44fecf6-exec-5'), ('31:08', 'tpc-h-v3-0-0-spark-5a365193a44fecf6-exec-6'), ('31:08', 'tpc-h-v3-0-0-spark-5a365193a44fecf6-exec-7'), ('31:08', 'tpc-h-v3-0-0-spark-5a365193a44fecf6-exec-8'), ('31:22', 'tpc-h-v3-0-0-spark-5a365193a44fecf6-exec-1'), ('31:23', 'tpc-h-v3-0-0-spark-5a365193a44fecf6-exec-2'), ('31:23', 'tpc-h-v3-0-0-spark-5a365193a44fecf6-exec-3'), ('31:23', 'tpc-h-v3-0-0-spark-5a365193a44fecf6-exec-4'), ('31:24', 'tpc-h-v3-0-0-spark-5a365193a44fecf6-exec-5'), ('31:24', 'tpc-h-v3-0-0-spark-5a365193a44fecf6-exec-6'), ('31:24', 'tpc-h-v3-0-0-spark-5a365193a44fecf6-exec-7'), ('31:25', 'tpc-h-v3-0-0-spark-5a365193a44fecf6-exec-8'), ('31:40', 'tpc-h-v3-0-0-spark-5a365193a44fecf6-exec-1'), ('31:41', 'tpc-h-v3-0-0-spark-5a365193a44fecf6-exec-2'), ('31:41', 'tpc-h-v3-0-0-spark-5a365193a44fecf6-exec-3'), ('31:42', 'tpc-h-v3-0-0-spark-5a365193a44fecf6-exec-4'), ('31:42', 'tpc-h-v3-0-0-spark-5a365193a44fecf6-exec-5'), ('31:43', 'tpc-h-v3-0-0-spark-5a365193a44fecf6-exec-6'), ('31:43', 'tpc-h-v3-0-0-spark-5a365193a44fecf6-exec-7'), ('31:44', 'tpc-h-v3-0-0-spark-5a365193a44fecf6-exec-8'), ('31:55', 'tpc-h-v3-0-0-spark-5a365193a44fecf6-exec-1'), ('31:56', 'tpc-h-v3-0-0-spark-5a365193a44fecf6-exec-2'), ('31:56', 'tpc-h-v3-0-0-spark-5a365193a44fecf6-exec-3'), ('31:56', 'tpc-h-v3-0-0-spark-5a365193a44fecf6-exec-4'), ('31:57', 'tpc-h-v3-0-0-spark-5a365193a44fecf6-exec-5'), ('31:57', 'tpc-h-v3-0-0-spark-5a365193a44fecf6-exec-6'), ('31:57', 'tpc-h-v3-0-0-spark-5a365193a44fecf6-exec-7'), ('31:58', 'tpc-h-v3-0-0-spark-5a365193a44fecf6-exec-8'), ('32:09', 'tpc-h-v3-0-0-spark-5a365193a44fecf6-exec-1'), ('32:09', 'tpc-h-v3-0-0-spark-5a365193a44fecf6-exec-2'), ('32:10', 'tpc-h-v3-0-0-spark-5a365193a44fecf6-exec-3'), ('32:10', 'tpc-h-v3-0-0-spark-5a365193a44fecf6-exec-4'), ('32:11', 'tpc-h-v3-0-0-spark-5a365193a44fecf6-exec-5'), ('32:11', 'tpc-h-v3-0-0-spark-5a365193a44fecf6-exec-6'), ('32:12', 'tpc-h-v3-0-0-spark-5a365193a44fecf6-exec-7'), ('32:12', 'tpc-h-v3-0-0-spark-5a365193a44fecf6-exec-8')]"
8,2024-12-08 03:28:33.378543,2024-12-08 03:30:01.708100,50.087999999999994,"[('29:02', 'tpc-h-v3-0-0-spark-39362f93a450067f-exec-1'), ('29:11', 'tpc-h-v3-0-0-spark-39362f93a450067f-exec-1'), ('29:20', 'tpc-h-v3-0-0-spark-39362f93a450067f-exec-1'), ('29:29', 'tpc-h-v3-0-0-spark-39362f93a450067f-exec-1'), ('29:38', 'tpc-h-v3-0-0-spark-39362f93a450067f-exec-1'), ('29:46', 'tpc-h-v3-0-0-spark-39362f93a450067f-exec-1')]"
9,2024-12-08 03:28:53.234694,2024-12-08 03:31:18.412718,232.80333333333346,"[('29:33', 'tpc-h-v3-0-0-spark-852cb893a4505971-exec-1'), ('29:41', 'tpc-h-v3-0-0-spark-852cb893a4505971-exec-1'), ('29:42', 'tpc-h-v3-0-0-spark-852cb893a4505971-exec-2'), ('29:49', 'tpc-h-v3-0-0-spark-852cb893a4505971-exec-1'), ('29:50', 'tpc-h-v3-0-0-spark-852cb893a4505971-exec-2'), ('29:59', 'tpc-h-v3-0-0-spark-852cb893a4505971-exec-1'), ('29:59', 'tpc-h-v3-0-0-spark-852cb893a4505971-exec-2'), ('29:59', 'tpc-h-v3-0-0-spark-852cb893a4505971-exec-3'), ('30:05', 'tpc-h-v3-0-0-spark-852cb893a4505971-exec-1'), ('30:06', 'tpc-h-v3-0-0-spark-852cb893a4505971-exec-2'), ('30:06', 'tpc-h-v3-0-0-spark-852cb893a4505971-exec-3'), ('30:13', 'tpc-h-v3-0-0-spark-852cb893a4505971-exec-1'), ('30:14', 'tpc-h-v3-0-0-spark-852cb893a4505971-exec-2'), ('30:14', 'tpc-h-v3-0-0-spark-852cb893a4505971-exec-3'), ('30:15', 'tpc-h-v3-0-0-spark-852cb893a4505971-exec-4'), ('30:24', 'tpc-h-v3-0-0-spark-852cb893a4505971-exec-1'), ('30:25', 'tpc-h-v3-0-0-spark-852cb893a4505971-exec-2'), ('30:25', 'tpc-h-v3-0-0-spark-852cb893a4505971-exec-3'), ('30:26', 'tpc-h-v3-0-0-spark-852cb893a4505971-exec-4'), ('30:36', 'tpc-h-v3-0-0-spark-852cb893a4505971-exec-1'), ('30:36', 'tpc-h-v3-0-0-spark-852cb893a4505971-exec-2'), ('30:37', 'tpc-h-v3-0-0-spark-852cb893a4505971-exec-3'), ('30:37', 'tpc-h-v3-0-0-spark-852cb893a4505971-exec-4'), ('30:51', 'tpc-h-v3-0-0-spark-852cb893a4505971-exec-1'), ('30:52', 'tpc-h-v3-0-0-spark-852cb893a4505971-exec-2'), ('30:52', 'tpc-h-v3-0-0-spark-852cb893a4505971-exec-3'), ('30:53', 'tpc-h-v3-0-0-spark-852cb893a4505971-exec-4'), ('30:53', 'tpc-h-v3-0-0-spark-852cb893a4505971-exec-5')]"
10,2024-12-08 03:29:11.267158,2024-12-08 03:30:44.644992,41.701333333333324,"[('29:51', 'tpc-h-v3-0-0-spark-b895fd93a4509cfc-exec-1'), ('30:00', 'tpc-h-v3-0-0-spark-b895fd93a4509cfc-exec-1'), ('30:06', 'tpc-h-v3-0-0-spark-b895fd93a4509cfc-exec-1'), ('30:15', 'tpc-h-v3-0-0-spark-b895fd93a4509cfc-exec-1'), ('30:26', 'tpc-h-v3-0-0-spark-b895fd93a4509cfc-exec-1')]"
11,2024-12-08 03:29:19.792611,2024-12-08 03:31:36.924352,190.34500000000008,"[('30:00', 'tpc-h-v3-0-0-spark-de2dd993a450be5c-exec-1'), ('30:07', 'tpc-h-v3-0-0-spark-de2dd993a450be5c-exec-1'), ('30:07', 'tpc-h-v3-0-0-spark-de2dd993a450be5c-exec-2'), ('30:16', 'tpc-h-v3-0-0-spark-de2dd993a450be5c-exec-1'), ('30:16', 'tpc-h-v3-0-0-spark-de2dd993a450be5c-exec-2'), ('30:26', 'tpc-h-v3-0-0-spark-de2dd993a450be5c-exec-1'), ('30:27', 'tpc-h-v3-0-0-spark-de2dd993a450be5c-exec-2'), ('30:27', 'tpc-h-v3-0-0-spark-de2dd993a450be5c-exec-3'), ('30:27', 'tpc-h-v3-0-0-spark-de2dd993a450be5c-exec-4'), ('30:41', 'tpc-h-v3-0-0-spark-de2dd993a450be5c-exec-1'), ('30:41', 'tpc-h-v3-0-0-spark-de2dd993a450be5c-exec-2'), ('30:42', 'tpc-h-v3-0-0-spark-de2dd993a450be5c-exec-3'), ('30:42', 'tpc-h-v3-0-0-spark-de2dd993a450be5c-exec-4'), ('30:58', 'tpc-h-v3-0-0-spark-de2dd993a450be5c-exec-1'), ('30:59', 'tpc-h-v3-0-0-spark-de2dd993a450be5c-exec-2'), ('30:59', 'tpc-h-v3-0-0-spark-de2dd993a450be5c-exec-3'), ('30:59', 'tpc-h-v3-0-0-spark-de2dd993a450be5c-exec-4'), ('31:00', 'tpc-h-v3-0-0-spark-de2dd993a450be5c-exec-5'), ('31:14', 'tpc-h-v3-0-0-spark-de2dd993a450be5c-exec-1'), ('31:14', 'tpc-h-v3-0-0-spark-de2dd993a450be5c-exec-2'), ('31:15', 'tpc-h-v3-0-0-spark-de2dd993a450be5c-exec-3'), ('31:15', 'tpc-h-v3-0-0-spark-de2dd993a450be5c-exec-4'), ('31:15', 'tpc-h-v3-0-0-spark-de2dd993a450be5c-exec-5')]"
12,2024-12-08 03:29:28.789860,2024-12-08 03:31:52.318462,156.70433333333332,"[('30:07', 'tpc-h-v3-0-0-spark-ef38e993a450e227-exec-1'), ('30:16', 'tpc-h-v3-0-0-spark-ef38e993a450e227-exec-1'), ('30:28', 'tpc-h-v3-0-0-spark-ef38e993a450e227-exec-1'), ('30:28', 'tpc-h-v3-0-0-spark-ef38e993a450e227-exec-2'), ('30:42', 'tpc-h-v3-0-0-spark-ef38e993a450e227-exec-1'), ('30:43', 'tpc-h-v3-0-0-spark-ef38e993a450e227-exec-2'), ('30:43', 'tpc-h-v3-0-0-spark-ef38e993a450e227-exec-3'), ('31:00', 'tpc-h-v3-0-0-spark-ef38e993a450e227-exec-1'), ('31:01', 'tpc-h-v3-0-0-spark-ef38e993a450e227-exec-2'), ('31:01', 'tpc-h-v3-0-0-spark-ef38e993a450e227-exec-3'), ('31:02', 'tpc-h-v3-0-0-spark-ef38e993a450e227-exec-4'), ('31:16', 'tpc-h-v3-0-0-spark-ef38e993a450e227-exec-1'), ('31:16', 'tpc-h-v3-0-0-spark-ef38e993a450e227-exec-2'), ('31:17', 'tpc-h-v3-0-0-spark-ef38e993a450e227-exec-3'), ('31:17', 'tpc-h-v3-0-0-spark-ef38e993a450e227-exec-4'), ('31:34', 'tpc-h-v3-0-0-spark-ef38e993a450e227-exec-1'), ('31:35', 'tpc-h-v3-0-0-spark-ef38e993a450e227-exec-2'), ('31:35', 'tpc-h-v3-0-0-spark-ef38e993a450e227-exec-3'), ('31:35', 'tpc-h-v3-0-0-spark-ef38e993a450e227-exec-4')]"
13,2024-12-08 03:29:45.795037,2024-12-08 03:34:10.220393,911.8454999999981,"[('30:18', 'tpc-h-v3-0-0-spark-17e72393a4511f5c-exec-1'), ('30:18', 'tpc-h-v3-0-0-spark-17e72393a4511f5c-exec-2'), ('30:19', 'tpc-h-v3-0-0-spark-17e72393a4511f5c-exec-3'), ('30:19', 'tpc-h-v3-0-0-spark-17e72393a4511f5c-exec-4'), ('30:20', 'tpc-h-v3-0-0-spark-17e72393a4511f5c-exec-5'), ('30:20', 'tpc-h-v3-0-0-spark-17e72393a4511f5c-exec-6'), ('30:21', 'tpc-h-v3-0-0-spark-17e72393a4511f5c-exec-7'), ('30:21', 'tpc-h-v3-0-0-spark-17e72393a4511f5c-exec-8'), ('30:30', 'tpc-h-v3-0-0-spark-17e72393a4511f5c-exec-1'), ('30:30', 'tpc-h-v3-0-0-spark-17e72393a4511f5c-exec-2'), ('30:30', 'tpc-h-v3-0-0-spark-17e72393a4511f5c-exec-3'), ('30:31', 'tpc-h-v3-0-0-spark-17e72393a4511f5c-exec-4'), ('30:31', 'tpc-h-v3-0-0-spark-17e72393a4511f5c-exec-5'), ('30:32', 'tpc-h-v3-0-0-spark-17e72393a4511f5c-exec-6'), ('30:32', 'tpc-h-v3-0-0-spark-17e72393a4511f5c-exec-7'), ('30:33', 'tpc-h-v3-0-0-spark-17e72393a4511f5c-exec-8'), ('30:45', 'tpc-h-v3-0-0-spark-17e72393a4511f5c-exec-1'), ('30:45', 'tpc-h-v3-0-0-spark-17e72393a4511f5c-exec-2'), ('30:46', 'tpc-h-v3-0-0-spark-17e72393a4511f5c-exec-3'), ('30:46', 'tpc-h-v3-0-0-spark-17e72393a4511f5c-exec-4'), ('30:47', 'tpc-h-v3-0-0-spark-17e72393a4511f5c-exec-5'), ('30:47', 'tpc-h-v3-0-0-spark-17e72393a4511f5c-exec-6'), ('30:47', 'tpc-h-v3-0-0-spark-17e72393a4511f5c-exec-7'), ('30:48', 'tpc-h-v3-0-0-spark-17e72393a4511f5c-exec-8'), ('31:04', 'tpc-h-v3-0-0-spark-17e72393a4511f5c-exec-1'), ('31:04', 'tpc-h-v3-0-0-spark-17e72393a4511f5c-exec-2'), ('31:04', 'tpc-h-v3-0-0-spark-17e72393a4511f5c-exec-3'), ('31:05', 'tpc-h-v3-0-0-spark-17e72393a4511f5c-exec-4'), ('31:05', 'tpc-h-v3-0-0-spark-17e72393a4511f5c-exec-5'), ('31:05', 'tpc-h-v3-0-0-spark-17e72393a4511f5c-exec-6'), ('31:06', 'tpc-h-v3-0-0-spark-17e72393a4511f5c-exec-7'), ('31:06', 'tpc-h-v3-0-0-spark-17e72393a4511f5c-exec-8'), ('31:19', 'tpc-h-v3-0-0-spark-17e72393a4511f5c-exec-1'), ('31:20', 'tpc-h-v3-0-0-spark-17e72393a4511f5c-exec-2'), ('31:20', 'tpc-h-v3-0-0-spark-17e72393a4511f5c-exec-3'), ('31:21', 'tpc-h-v3-0-0-spark-17e72393a4511f5c-exec-4'), ('31:21', 'tpc-h-v3-0-0-spark-17e72393a4511f5c-exec-5'), ('31:21', 'tpc-h-v3-0-0-spark-17e72393a4511f5c-exec-6'), ('31:22', 'tpc-h-v3-0-0-spark-17e72393a4511f5c-exec-7'), ('31:22', 'tpc-h-v3-0-0-spark-17e72393a4511f5c-exec-8'), ('31:37', 'tpc-h-v3-0-0-spark-17e72393a4511f5c-exec-1'), ('31:38', 'tpc-h-v3-0-0-spark-17e72393a4511f5c-exec-2'), ('31:38', 'tpc-h-v3-0-0-spark-17e72393a4511f5c-exec-3'), ('31:38', 'tpc-h-v3-0-0-spark-17e72393a4511f5c-exec-4'), ('31:39', 'tpc-h-v3-0-0-spark-17e72393a4511f5c-exec-5'), ('31:39', 'tpc-h-v3-0-0-spark-17e72393a4511f5c-exec-6'), ('31:39', 'tpc-h-v3-0-0-spark-17e72393a4511f5c-exec-7'), ('31:40', 'tpc-h-v3-0-0-spark-17e72393a4511f5c-exec-8'), ('31:52', 'tpc-h-v3-0-0-spark-17e72393a4511f5c-exec-1'), ('31:53', 'tpc-h-v3-0-0-spark-17e72393a4511f5c-exec-2'), ('31:53', 'tpc-h-v3-0-0-spark-17e72393a4511f5c-exec-3'), ('31:53', 'tpc-h-v3-0-0-spark-17e72393a4511f5c-exec-4'), ('31:54', 'tpc-h-v3-0-0-spark-17e72393a4511f5c-exec-5'), ('31:54', 'tpc-h-v3-0-0-spark-17e72393a4511f5c-exec-6'), ('31:55', 'tpc-h-v3-0-0-spark-17e72393a4511f5c-exec-7'), ('31:55', 'tpc-h-v3-0-0-spark-17e72393a4511f5c-exec-8'), ('32:06', 'tpc-h-v3-0-0-spark-17e72393a4511f5c-exec-1'), ('32:07', 'tpc-h-v3-0-0-spark-17e72393a4511f5c-exec-2'), ('32:07', 'tpc-h-v3-0-0-spark-17e72393a4511f5c-exec-3'), ('32:07', 'tpc-h-v3-0-0-spark-17e72393a4511f5c-exec-4'), ('32:08', 'tpc-h-v3-0-0-spark-17e72393a4511f5c-exec-5'), ('32:08', 'tpc-h-v3-0-0-spark-17e72393a4511f5c-exec-6'), ('32:08', 'tpc-h-v3-0-0-spark-17e72393a4511f5c-exec-7'), ('32:09', 'tpc-h-v3-0-0-spark-17e72393a4511f5c-exec-8'), ('32:20', 'tpc-h-v3-0-0-spark-17e72393a4511f5c-exec-1'), ('32:20', 'tpc-h-v3-0-0-spark-17e72393a4511f5c-exec-2'), ('32:21', 'tpc-h-v3-0-0-spark-17e72393a4511f5c-exec-3'), ('32:22', 'tpc-h-v3-0-0-spark-17e72393a4511f5c-exec-4'), ('32:22', 'tpc-h-v3-0-0-spark-17e72393a4511f5c-exec-5'), ('32:23', 'tpc-h-v3-0-0-spark-17e72393a4511f5c-exec-6'), ('32:23', 'tpc-h-v3-0-0-spark-17e72393a4511f5c-exec-7'), ('32:24', 'tpc-h-v3-0-0-spark-17e72393a4511f5c-exec-8'), ('32:34', 'tpc-h-v3-0-0-spark-17e72393a4511f5c-exec-1'), ('32:34', 'tpc-h-v3-0-0-spark-17e72393a4511f5c-exec-2'), ('32:35', 'tpc-h-v3-0-0-spark-17e72393a4511f5c-exec-3'), ('32:35', 'tpc-h-v3-0-0-spark-17e72393a4511f5c-exec-4'), ('32:36', 'tpc-h-v3-0-0-spark-17e72393a4511f5c-exec-5'), ('32:36', 'tpc-h-v3-0-0-spark-17e72393a4511f5c-exec-6'), ('32:37', 'tpc-h-v3-0-0-spark-17e72393a4511f5c-exec-7'), ('32:37', 'tpc-h-v3-0-0-spark-17e72393a4511f5c-exec-8'), ('32:48', 'tpc-h-v3-0-0-spark-17e72393a4511f5c-exec-1'), ('32:48', 'tpc-h-v3-0-0-spark-17e72393a4511f5c-exec-2'), ('32:49', 'tpc-h-v3-0-0-spark-17e72393a4511f5c-exec-3'), ('32:49', 'tpc-h-v3-0-0-spark-17e72393a4511f5c-exec-4'), ('32:50', 'tpc-h-v3-0-0-spark-17e72393a4511f5c-exec-5'), ('32:50', 'tpc-h-v3-0-0-spark-17e72393a4511f5c-exec-6'), ('32:50', 'tpc-h-v3-0-0-spark-17e72393a4511f5c-exec-7'), ('32:51', 'tpc-h-v3-0-0-spark-17e72393a4511f5c-exec-8'), ('33:04', 'tpc-h-v3-0-0-spark-17e72393a4511f5c-exec-1'), ('33:05', 'tpc-h-v3-0-0-spark-17e72393a4511f5c-exec-2'), ('33:05', 'tpc-h-v3-0-0-spark-17e72393a4511f5c-exec-3'), ('33:05', 'tpc-h-v3-0-0-spark-17e72393a4511f5c-exec-4'), ('33:06', 'tpc-h-v3-0-0-spark-17e72393a4511f5c-exec-5'), ('33:06', 'tpc-h-v3-0-0-spark-17e72393a4511f5c-exec-6'), ('33:07', 'tpc-h-v3-0-0-spark-17e72393a4511f5c-exec-7'), ('33:07', 'tpc-h-v3-0-0-spark-17e72393a4511f5c-exec-8'), ('33:22', 'tpc-h-v3-0-0-spark-17e72393a4511f5c-exec-1'), ('33:22', 'tpc-h-v3-0-0-spark-17e72393a4511f5c-exec-2'), ('33:22', 'tpc-h-v3-0-0-spark-17e72393a4511f5c-exec-3'), ('33:23', 'tpc-h-v3-0-0-spark-17e72393a4511f5c-exec-4'), ('33:23', 'tpc-h-v3-0-0-spark-17e72393a4511f5c-exec-5'), ('33:24', 'tpc-h-v3-0-0-spark-17e72393a4511f5c-exec-6'), ('33:24', 'tpc-h-v3-0-0-spark-17e72393a4511f5c-exec-7'), ('33:24', 'tpc-h-v3-0-0-spark-17e72393a4511f5c-exec-8'), ('33:46', 'tpc-h-v3-0-0-spark-17e72393a4511f5c-exec-1'), ('33:47', 'tpc-h-v3-0-0-spark-17e72393a4511f5c-exec-2'), ('33:47', 'tpc-h-v3-0-0-spark-17e72393a4511f5c-exec-3'), ('33:48', 'tpc-h-v3-0-0-spark-17e72393a4511f5c-exec-4'), ('33:49', 'tpc-h-v3-0-0-spark-17e72393a4511f5c-exec-5'), ('33:49', 'tpc-h-v3-0-0-spark-17e72393a4511f5c-exec-6'), ('33:50', 'tpc-h-v3-0-0-spark-17e72393a4511f5c-exec-7'), ('33:50', 'tpc-h-v3-0-0-spark-17e72393a4511f5c-exec-8')]"
14,2024-12-08 03:29:55.061463,2024-12-08 03:34:10.220559,779.1973333333324,"[('30:38', 'tpc-h-v3-0-0-spark-d4556c93a451484d-exec-1'), ('30:38', 'tpc-h-v3-0-0-spark-d4556c93a451484d-exec-2'), ('30:38', 'tpc-h-v3-0-0-spark-d4556c93a451484d-exec-3'), ('30:39', 'tpc-h-v3-0-0-spark-d4556c93a451484d-exec-4'), ('30:39', 'tpc-h-v3-0-0-spark-d4556c93a451484d-exec-5'), ('30:40', 'tpc-h-v3-0-0-spark-d4556c93a451484d-exec-6'), ('30:40', 'tpc-h-v3-0-0-spark-d4556c93a451484d-exec-7'), ('30:41', 'tpc-h-v3-0-0-spark-d4556c93a451484d-exec-8'), ('30:53', 'tpc-h-v3-0-0-spark-d4556c93a451484d-exec-1'), ('30:53', 'tpc-h-v3-0-0-spark-d4556c93a451484d-exec-2'), ('30:54', 'tpc-h-v3-0-0-spark-d4556c93a451484d-exec-3'), ('30:54', 'tpc-h-v3-0-0-spark-d4556c93a451484d-exec-4'), ('30:54', 'tpc-h-v3-0-0-spark-d4556c93a451484d-exec-5'), ('30:55', 'tpc-h-v3-0-0-spark-d4556c93a451484d-exec-6'), ('30:55', 'tpc-h-v3-0-0-spark-d4556c93a451484d-exec-7'), ('30:55', 'tpc-h-v3-0-0-spark-d4556c93a451484d-exec-8'), ('31:09', 'tpc-h-v3-0-0-spark-d4556c93a451484d-exec-1'), ('31:09', 'tpc-h-v3-0-0-spark-d4556c93a451484d-exec-2'), ('31:09', 'tpc-h-v3-0-0-spark-d4556c93a451484d-exec-3'), ('31:10', 'tpc-h-v3-0-0-spark-d4556c93a451484d-exec-4'), ('31:10', 'tpc-h-v3-0-0-spark-d4556c93a451484d-exec-5'), ('31:10', 'tpc-h-v3-0-0-spark-d4556c93a451484d-exec-6'), ('31:11', 'tpc-h-v3-0-0-spark-d4556c93a451484d-exec-7'), ('31:11', 'tpc-h-v3-0-0-spark-d4556c93a451484d-exec-8'), ('31:25', 'tpc-h-v3-0-0-spark-d4556c93a451484d-exec-1'), ('31:25', 'tpc-h-v3-0-0-spark-d4556c93a451484d-exec-2'), ('31:26', 'tpc-h-v3-0-0-spark-d4556c93a451484d-exec-3'), ('31:26', 'tpc-h-v3-0-0-spark-d4556c93a451484d-exec-4'), ('31:26', 'tpc-h-v3-0-0-spark-d4556c93a451484d-exec-5'), ('31:27', 'tpc-h-v3-0-0-spark-d4556c93a451484d-exec-6'), ('31:27', 'tpc-h-v3-0-0-spark-d4556c93a451484d-exec-7'), ('31:28', 'tpc-h-v3-0-0-spark-d4556c93a451484d-exec-8'), ('31:44', 'tpc-h-v3-0-0-spark-d4556c93a451484d-exec-1'), ('31:44', 'tpc-h-v3-0-0-spark-d4556c93a451484d-exec-2'), ('31:45', 'tpc-h-v3-0-0-spark-d4556c93a451484d-exec-3'), ('31:45', 'tpc-h-v3-0-0-spark-d4556c93a451484d-exec-4'), ('31:45', 'tpc-h-v3-0-0-spark-d4556c93a451484d-exec-5'), ('31:46', 'tpc-h-v3-0-0-spark-d4556c93a451484d-exec-6'), ('31:46', 'tpc-h-v3-0-0-spark-d4556c93a451484d-exec-7'), ('31:47', 'tpc-h-v3-0-0-spark-d4556c93a451484d-exec-8'), ('31:58', 'tpc-h-v3-0-0-spark-d4556c93a451484d-exec-1'), ('31:58', 'tpc-h-v3-0-0-spark-d4556c93a451484d-exec-2'), ('31:59', 'tpc-h-v3-0-0-spark-d4556c93a451484d-exec-3'), ('31:59', 'tpc-h-v3-0-0-spark-d4556c93a451484d-exec-4'), ('32:00', 'tpc-h-v3-0-0-spark-d4556c93a451484d-exec-5'), ('32:00', 'tpc-h-v3-0-0-spark-d4556c93a451484d-exec-6'), ('32:00', 'tpc-h-v3-0-0-spark-d4556c93a451484d-exec-7'), ('32:01', 'tpc-h-v3-0-0-spark-d4556c93a451484d-exec-8'), ('32:13', 'tpc-h-v3-0-0-spark-d4556c93a451484d-exec-1'), ('32:14', 'tpc-h-v3-0-0-spark-d4556c93a451484d-exec-2'), ('32:14', 'tpc-h-v3-0-0-spark-d4556c93a451484d-exec-3'), ('32:14', 'tpc-h-v3-0-0-spark-d4556c93a451484d-exec-4'), ('32:15', 'tpc-h-v3-0-0-spark-d4556c93a451484d-exec-5'), ('32:15', 'tpc-h-v3-0-0-spark-d4556c93a451484d-exec-6'), ('32:15', 'tpc-h-v3-0-0-spark-d4556c93a451484d-exec-7'), ('32:16', 'tpc-h-v3-0-0-spark-d4556c93a451484d-exec-8'), ('32:27', 'tpc-h-v3-0-0-spark-d4556c93a451484d-exec-1'), ('32:27', 'tpc-h-v3-0-0-spark-d4556c93a451484d-exec-2'), ('32:28', 'tpc-h-v3-0-0-spark-d4556c93a451484d-exec-3'), ('32:28', 'tpc-h-v3-0-0-spark-d4556c93a451484d-exec-4'), ('32:28', 'tpc-h-v3-0-0-spark-d4556c93a451484d-exec-5'), ('32:29', 'tpc-h-v3-0-0-spark-d4556c93a451484d-exec-6'), ('32:29', 'tpc-h-v3-0-0-spark-d4556c93a451484d-exec-7'), ('32:29', 'tpc-h-v3-0-0-spark-d4556c93a451484d-exec-8'), ('32:41', 'tpc-h-v3-0-0-spark-d4556c93a451484d-exec-1'), ('32:42', 'tpc-h-v3-0-0-spark-d4556c93a451484d-exec-2'), ('32:42', 'tpc-h-v3-0-0-spark-d4556c93a451484d-exec-3'), ('32:43', 'tpc-h-v3-0-0-spark-d4556c93a451484d-exec-4'), ('32:43', 'tpc-h-v3-0-0-spark-d4556c93a451484d-exec-5'), ('32:43', 'tpc-h-v3-0-0-spark-d4556c93a451484d-exec-6'), ('32:43', 'tpc-h-v3-0-0-spark-d4556c93a451484d-exec-7'), ('32:44', 'tpc-h-v3-0-0-spark-d4556c93a451484d-exec-8'), ('32:58', 'tpc-h-v3-0-0-spark-d4556c93a451484d-exec-1'), ('32:58', 'tpc-h-v3-0-0-spark-d4556c93a451484d-exec-2'), ('32:58', 'tpc-h-v3-0-0-spark-d4556c93a451484d-exec-3'), ('32:59', 'tpc-h-v3-0-0-spark-d4556c93a451484d-exec-4'), ('32:59', 'tpc-h-v3-0-0-spark-d4556c93a451484d-exec-5'), ('32:59', 'tpc-h-v3-0-0-spark-d4556c93a451484d-exec-6'), ('33:00', 'tpc-h-v3-0-0-spark-d4556c93a451484d-exec-7'), ('33:00', 'tpc-h-v3-0-0-spark-d4556c93a451484d-exec-8'), ('33:13', 'tpc-h-v3-0-0-spark-d4556c93a451484d-exec-1'), ('33:14', 'tpc-h-v3-0-0-spark-d4556c93a451484d-exec-2'), ('33:14', 'tpc-h-v3-0-0-spark-d4556c93a451484d-exec-3'), ('33:15', 'tpc-h-v3-0-0-spark-d4556c93a451484d-exec-4'), ('33:15', 'tpc-h-v3-0-0-spark-d4556c93a451484d-exec-5'), ('33:16', 'tpc-h-v3-0-0-spark-d4556c93a451484d-exec-6'), ('33:16', 'tpc-h-v3-0-0-spark-d4556c93a451484d-exec-7'), ('33:16', 'tpc-h-v3-0-0-spark-d4556c93a451484d-exec-8'), ('33:37', 'tpc-h-v3-0-0-spark-d4556c93a451484d-exec-1'), ('33:37', 'tpc-h-v3-0-0-spark-d4556c93a451484d-exec-2'), ('33:38', 'tpc-h-v3-0-0-spark-d4556c93a451484d-exec-3'), ('33:38', 'tpc-h-v3-0-0-spark-d4556c93a451484d-exec-4'), ('33:39', 'tpc-h-v3-0-0-spark-d4556c93a451484d-exec-5'), ('33:39', 'tpc-h-v3-0-0-spark-d4556c93a451484d-exec-6'), ('33:40', 'tpc-h-v3-0-0-spark-d4556c93a451484d-exec-7'), ('33:40', 'tpc-h-v3-0-0-spark-d4556c93a451484d-exec-8')]"
15,2024-12-08 03:30:01.717574,2024-12-08 03:31:36.924574,24.727666666666668,"[('30:45', 'tpc-h-v3-0-0-spark-126c2093a4516685-exec-1'), ('31:03', 'tpc-h-v3-0-0-spark-126c2093a4516685-exec-1'), ('31:19', 'tpc-h-v3-0-0-spark-126c2093a4516685-exec-1')]"
16,2024-12-08 03:30:09.001955,2024-12-08 03:34:32.936917,837.1306666666657,"[('30:56', 'tpc-h-v3-0-0-spark-da622693a4518140-exec-1'), ('30:56', 'tpc-h-v3-0-0-spark-da622693a4518140-exec-2'), ('30:56', 'tpc-h-v3-0-0-spark-da622693a4518140-exec-3'), ('30:57', 'tpc-h-v3-0-0-spark-da622693a4518140-exec-4'), ('30:57', 'tpc-h-v3-0-0-spark-da622693a4518140-exec-5'), ('30:57', 'tpc-h-v3-0-0-spark-da622693a4518140-exec-6'), ('30:58', 'tpc-h-v3-0-0-spark-da622693a4518140-exec-7'), ('30:58', 'tpc-h-v3-0-0-spark-da622693a4518140-exec-8'), ('31:11', 'tpc-h-v3-0-0-spark-da622693a4518140-exec-1'), ('31:12', 'tpc-h-v3-0-0-spark-da622693a4518140-exec-2'), ('31:12', 'tpc-h-v3-0-0-spark-da622693a4518140-exec-3'), ('31:12', 'tpc-h-v3-0-0-spark-da622693a4518140-exec-4'), ('31:13', 'tpc-h-v3-0-0-spark-da622693a4518140-exec-5'), ('31:13', 'tpc-h-v3-0-0-spark-da622693a4518140-exec-6'), ('31:13', 'tpc-h-v3-0-0-spark-da622693a4518140-exec-7'), ('31:14', 'tpc-h-v3-0-0-spark-da622693a4518140-exec-8'), ('31:29', 'tpc-h-v3-0-0-spark-da622693a4518140-exec-1'), ('31:29', 'tpc-h-v3-0-0-spark-da622693a4518140-exec-2'), ('31:30', 'tpc-h-v3-0-0-spark-da622693a4518140-exec-3'), ('31:30', 'tpc-h-v3-0-0-spark-da622693a4518140-exec-4'), ('31:30', 'tpc-h-v3-0-0-spark-da622693a4518140-exec-5'), ('31:31', 'tpc-h-v3-0-0-spark-da622693a4518140-exec-6'), ('31:31', 'tpc-h-v3-0-0-spark-da622693a4518140-exec-7'), ('31:32', 'tpc-h-v3-0-0-spark-da622693a4518140-exec-8'), ('31:47', 'tpc-h-v3-0-0-spark-da622693a4518140-exec-1'), ('31:47', 'tpc-h-v3-0-0-spark-da622693a4518140-exec-2'), ('31:48', 'tpc-h-v3-0-0-spark-da622693a4518140-exec-3'), ('31:48', 'tpc-h-v3-0-0-spark-da622693a4518140-exec-4'), ('31:48', 'tpc-h-v3-0-0-spark-da622693a4518140-exec-5'), ('31:49', 'tpc-h-v3-0-0-spark-da622693a4518140-exec-6'), ('31:49', 'tpc-h-v3-0-0-spark-da622693a4518140-exec-7'), ('31:49', 'tpc-h-v3-0-0-spark-da622693a4518140-exec-8'), ('32:01', 'tpc-h-v3-0-0-spark-da622693a4518140-exec-1'), ('32:02', 'tpc-h-v3-0-0-spark-da622693a4518140-exec-2'), ('32:02', 'tpc-h-v3-0-0-spark-da622693a4518140-exec-3'), ('32:03', 'tpc-h-v3-0-0-spark-da622693a4518140-exec-4'), ('32:03', 'tpc-h-v3-0-0-spark-da622693a4518140-exec-5'), ('32:03', 'tpc-h-v3-0-0-spark-da622693a4518140-exec-6'), ('32:04', 'tpc-h-v3-0-0-spark-da622693a4518140-exec-7'), ('32:05', 'tpc-h-v3-0-0-spark-da622693a4518140-exec-8'), ('32:16', 'tpc-h-v3-0-0-spark-da622693a4518140-exec-1'), ('32:16', 'tpc-h-v3-0-0-spark-da622693a4518140-exec-2'), ('32:17', 'tpc-h-v3-0-0-spark-da622693a4518140-exec-3'), ('32:17', 'tpc-h-v3-0-0-spark-da622693a4518140-exec-4'), ('32:17', 'tpc-h-v3-0-0-spark-da622693a4518140-exec-5'), ('32:18', 'tpc-h-v3-0-0-spark-da622693a4518140-exec-6'), ('32:18', 'tpc-h-v3-0-0-spark-da622693a4518140-exec-7'), ('32:18', 'tpc-h-v3-0-0-spark-da622693a4518140-exec-8'), ('32:30', 'tpc-h-v3-0-0-spark-da622693a4518140-exec-1'), ('32:30', 'tpc-h-v3-0-0-spark-da622693a4518140-exec-2'), ('32:30', 'tpc-h-v3-0-0-spark-da622693a4518140-exec-3'), ('32:31', 'tpc-h-v3-0-0-spark-da622693a4518140-exec-4'), ('32:31', 'tpc-h-v3-0-0-spark-da622693a4518140-exec-5'), ('32:32', 'tpc-h-v3-0-0-spark-da622693a4518140-exec-6'), ('32:32', 'tpc-h-v3-0-0-spark-da622693a4518140-exec-7'), ('32:32', 'tpc-h-v3-0-0-spark-da622693a4518140-exec-8'), ('32:44', 'tpc-h-v3-0-0-spark-da622693a4518140-exec-1'), ('32:45', 'tpc-h-v3-0-0-spark-da622693a4518140-exec-2'), ('32:45', 'tpc-h-v3-0-0-spark-da622693a4518140-exec-3'), ('32:45', 'tpc-h-v3-0-0-spark-da622693a4518140-exec-4'), ('32:46', 'tpc-h-v3-0-0-spark-da622693a4518140-exec-5'), ('32:46', 'tpc-h-v3-0-0-spark-da622693a4518140-exec-6'), ('32:46', 'tpc-h-v3-0-0-spark-da622693a4518140-exec-7'), ('32:47', 'tpc-h-v3-0-0-spark-da622693a4518140-exec-8'), ('33:00', 'tpc-h-v3-0-0-spark-da622693a4518140-exec-1'), ('33:01', 'tpc-h-v3-0-0-spark-da622693a4518140-exec-2'), ('33:01', 'tpc-h-v3-0-0-spark-da622693a4518140-exec-3'), ('33:01', 'tpc-h-v3-0-0-spark-da622693a4518140-exec-4'), ('33:02', 'tpc-h-v3-0-0-spark-da622693a4518140-exec-5'), ('33:02', 'tpc-h-v3-0-0-spark-da622693a4518140-exec-6'), ('33:02', 'tpc-h-v3-0-0-spark-da622693a4518140-exec-7'), ('33:03', 'tpc-h-v3-0-0-spark-da622693a4518140-exec-8'), ('33:17', 'tpc-h-v3-0-0-spark-da622693a4518140-exec-1'), ('33:17', 'tpc-h-v3-0-0-spark-da622693a4518140-exec-2'), ('33:18', 'tpc-h-v3-0-0-spark-da622693a4518140-exec-3'), ('33:18', 'tpc-h-v3-0-0-spark-da622693a4518140-exec-4'), ('33:18', 'tpc-h-v3-0-0-spark-da622693a4518140-exec-5'), ('33:19', 'tpc-h-v3-0-0-spark-da622693a4518140-exec-6'), ('33:20', 'tpc-h-v3-0-0-spark-da622693a4518140-exec-7'), ('33:20', 'tpc-h-v3-0-0-spark-da622693a4518140-exec-8'), ('33:41', 'tpc-h-v3-0-0-spark-da622693a4518140-exec-1'), ('33:41', 'tpc-h-v3-0-0-spark-da622693a4518140-exec-2'), ('33:41', 'tpc-h-v3-0-0-spark-da622693a4518140-exec-3'), ('33:42', 'tpc-h-v3-0-0-spark-da622693a4518140-exec-4'), ('33:42', 'tpc-h-v3-0-0-spark-da622693a4518140-exec-5'), ('33:43', 'tpc-h-v3-0-0-spark-da622693a4518140-exec-6'), ('33:44', 'tpc-h-v3-0-0-spark-da622693a4518140-exec-7'), ('33:44', 'tpc-h-v3-0-0-spark-da622693a4518140-exec-8'), ('34:06', 'tpc-h-v3-0-0-spark-da622693a4518140-exec-1'), ('34:07', 'tpc-h-v3-0-0-spark-da622693a4518140-exec-2'), ('34:07', 'tpc-h-v3-0-0-spark-da622693a4518140-exec-3'), ('34:07', 'tpc-h-v3-0-0-spark-da622693a4518140-exec-4'), ('34:08', 'tpc-h-v3-0-0-spark-da622693a4518140-exec-5'), ('34:08', 'tpc-h-v3-0-0-spark-da622693a4518140-exec-6'), ('34:08', 'tpc-h-v3-0-0-spark-da622693a4518140-exec-7'), ('34:09', 'tpc-h-v3-0-0-spark-da622693a4518140-exec-8'), ('34:17', 'tpc-h-v3-0-0-spark-da622693a4518140-exec-1'), ('34:17', 'tpc-h-v3-0-0-spark-da622693a4518140-exec-2'), ('34:18', 'tpc-h-v3-0-0-spark-da622693a4518140-exec-3'), ('34:18', 'tpc-h-v3-0-0-spark-da622693a4518140-exec-4'), ('34:18', 'tpc-h-v3-0-0-spark-da622693a4518140-exec-5'), ('34:19', 'tpc-h-v3-0-0-spark-da622693a4518140-exec-6'), ('34:19', 'tpc-h-v3-0-0-spark-da622693a4518140-exec-7'), ('34:19', 'tpc-h-v3-0-0-spark-da622693a4518140-exec-8')]"
17,2024-12-08 03:31:36.933836,2024-12-08 03:34:10.220636,175.42583333333343,"[('32:13', 'tpc-h-v3-0-0-spark-8aa78e93a452d145-exec-1'), ('32:27', 'tpc-h-v3-0-0-spark-8aa78e93a452d145-exec-1'), ('32:40', 'tpc-h-v3-0-0-spark-8aa78e93a452d145-exec-1'), ('32:41', 'tpc-h-v3-0-0-spark-8aa78e93a452d145-exec-2'), ('32:41', 'tpc-h-v3-0-0-spark-8aa78e93a452d145-exec-3'), ('32:55', 'tpc-h-v3-0-0-spark-8aa78e93a452d145-exec-1'), ('32:56', 'tpc-h-v3-0-0-spark-8aa78e93a452d145-exec-2'), ('32:56', 'tpc-h-v3-0-0-spark-8aa78e93a452d145-exec-3'), ('32:57', 'tpc-h-v3-0-0-spark-8aa78e93a452d145-exec-4'), ('32:57', 'tpc-h-v3-0-0-spark-8aa78e93a452d145-exec-5'), ('33:11', 'tpc-h-v3-0-0-spark-8aa78e93a452d145-exec-1'), ('33:11', 'tpc-h-v3-0-0-spark-8aa78e93a452d145-exec-2'), ('33:12', 'tpc-h-v3-0-0-spark-8aa78e93a452d145-exec-3'), ('33:12', 'tpc-h-v3-0-0-spark-8aa78e93a452d145-exec-4'), ('33:12', 'tpc-h-v3-0-0-spark-8aa78e93a452d145-exec-5'), ('33:13', 'tpc-h-v3-0-0-spark-8aa78e93a452d145-exec-6'), ('33:30', 'tpc-h-v3-0-0-spark-8aa78e93a452d145-exec-1'), ('33:31', 'tpc-h-v3-0-0-spark-8aa78e93a452d145-exec-2'), ('33:31', 'tpc-h-v3-0-0-spark-8aa78e93a452d145-exec-3'), ('33:31', 'tpc-h-v3-0-0-spark-8aa78e93a452d145-exec-4'), ('33:32', 'tpc-h-v3-0-0-spark-8aa78e93a452d145-exec-5'), ('33:32', 'tpc-h-v3-0-0-spark-8aa78e93a452d145-exec-6')]"
18,2024-12-08 03:31:52.327378,2024-12-08 03:36:00.025615,698.3031666666667,"[('32:26', 'tpc-h-v3-0-0-spark-61417193a4530ca5-exec-1'), ('32:37', 'tpc-h-v3-0-0-spark-61417193a4530ca5-exec-1'), ('32:38', 'tpc-h-v3-0-0-spark-61417193a4530ca5-exec-2'), ('32:38', 'tpc-h-v3-0-0-spark-61417193a4530ca5-exec-3'), ('32:38', 'tpc-h-v3-0-0-spark-61417193a4530ca5-exec-4'), ('32:39', 'tpc-h-v3-0-0-spark-61417193a4530ca5-exec-5'), ('32:39', 'tpc-h-v3-0-0-spark-61417193a4530ca5-exec-6'), ('32:40', 'tpc-h-v3-0-0-spark-61417193a4530ca5-exec-7'), ('32:40', 'tpc-h-v3-0-0-spark-61417193a4530ca5-exec-8'), ('32:51', 'tpc-h-v3-0-0-spark-61417193a4530ca5-exec-1'), ('32:52', 'tpc-h-v3-0-0-spark-61417193a4530ca5-exec-2'), ('32:52', 'tpc-h-v3-0-0-spark-61417193a4530ca5-exec-3'), ('32:53', 'tpc-h-v3-0-0-spark-61417193a4530ca5-exec-4'), ('32:53', 'tpc-h-v3-0-0-spark-61417193a4530ca5-exec-5'), ('32:54', 'tpc-h-v3-0-0-spark-61417193a4530ca5-exec-6'), ('32:55', 'tpc-h-v3-0-0-spark-61417193a4530ca5-exec-7'), ('32:55', 'tpc-h-v3-0-0-spark-61417193a4530ca5-exec-8'), ('33:08', 'tpc-h-v3-0-0-spark-61417193a4530ca5-exec-1'), ('33:08', 'tpc-h-v3-0-0-spark-61417193a4530ca5-exec-2'), ('33:08', 'tpc-h-v3-0-0-spark-61417193a4530ca5-exec-3'), ('33:09', 'tpc-h-v3-0-0-spark-61417193a4530ca5-exec-4'), ('33:09', 'tpc-h-v3-0-0-spark-61417193a4530ca5-exec-5'), ('33:10', 'tpc-h-v3-0-0-spark-61417193a4530ca5-exec-6'), ('33:10', 'tpc-h-v3-0-0-spark-61417193a4530ca5-exec-7'), ('33:10', 'tpc-h-v3-0-0-spark-61417193a4530ca5-exec-8'), ('33:26', 'tpc-h-v3-0-0-spark-61417193a4530ca5-exec-1'), ('33:27', 'tpc-h-v3-0-0-spark-61417193a4530ca5-exec-2'), ('33:27', 'tpc-h-v3-0-0-spark-61417193a4530ca5-exec-3'), ('33:28', 'tpc-h-v3-0-0-spark-61417193a4530ca5-exec-4'), ('33:28', 'tpc-h-v3-0-0-spark-61417193a4530ca5-exec-5'), ('33:29', 'tpc-h-v3-0-0-spark-61417193a4530ca5-exec-6'), ('33:29', 'tpc-h-v3-0-0-spark-61417193a4530ca5-exec-7'), ('33:30', 'tpc-h-v3-0-0-spark-61417193a4530ca5-exec-8'), ('33:54', 'tpc-h-v3-0-0-spark-61417193a4530ca5-exec-1'), ('33:56', 'tpc-h-v3-0-0-spark-61417193a4530ca5-exec-2'), ('33:58', 'tpc-h-v3-0-0-spark-61417193a4530ca5-exec-3'), ('33:58', 'tpc-h-v3-0-0-spark-61417193a4530ca5-exec-4'), ('33:59', 'tpc-h-v3-0-0-spark-61417193a4530ca5-exec-5'), ('33:59', 'tpc-h-v3-0-0-spark-61417193a4530ca5-exec-6'), ('33:59', 'tpc-h-v3-0-0-spark-61417193a4530ca5-exec-7'), ('34:00', 'tpc-h-v3-0-0-spark-61417193a4530ca5-exec-8'), ('34:11', 'tpc-h-v3-0-0-spark-61417193a4530ca5-exec-1'), ('34:11', 'tpc-h-v3-0-0-spark-61417193a4530ca5-exec-2'), ('34:12', 'tpc-h-v3-0-0-spark-61417193a4530ca5-exec-3'), ('34:12', 'tpc-h-v3-0-0-spark-61417193a4530ca5-exec-4'), ('34:13', 'tpc-h-v3-0-0-spark-61417193a4530ca5-exec-5'), ('34:13', 'tpc-h-v3-0-0-spark-61417193a4530ca5-exec-6'), ('34:13', 'tpc-h-v3-0-0-spark-61417193a4530ca5-exec-7'), ('34:14', 'tpc-h-v3-0-0-spark-61417193a4530ca5-exec-8'), ('34:22', 'tpc-h-v3-0-0-spark-61417193a4530ca5-exec-1'), ('34:23', 'tpc-h-v3-0-0-spark-61417193a4530ca5-exec-2'), ('34:23', 'tpc-h-v3-0-0-spark-61417193a4530ca5-exec-3'), ('34:23', 'tpc-h-v3-0-0-spark-61417193a4530ca5-exec-4'), ('34:24', 'tpc-h-v3-0-0-spark-61417193a4530ca5-exec-5'), ('34:25', 'tpc-h-v3-0-0-spark-61417193a4530ca5-exec-6'), ('34:26', 'tpc-h-v3-0-0-spark-61417193a4530ca5-exec-7'), ('34:26', 'tpc-h-v3-0-0-spark-61417193a4530ca5-exec-8'), ('34:34', 'tpc-h-v3-0-0-spark-61417193a4530ca5-exec-1'), ('34:34', 'tpc-h-v3-0-0-spark-61417193a4530ca5-exec-2'), ('34:35', 'tpc-h-v3-0-0-spark-61417193a4530ca5-exec-3'), ('34:35', 'tpc-h-v3-0-0-spark-61417193a4530ca5-exec-4'), ('34:35', 'tpc-h-v3-0-0-spark-61417193a4530ca5-exec-5'), ('34:36', 'tpc-h-v3-0-0-spark-61417193a4530ca5-exec-6'), ('34:36', 'tpc-h-v3-0-0-spark-61417193a4530ca5-exec-7'), ('34:36', 'tpc-h-v3-0-0-spark-61417193a4530ca5-exec-8'), ('34:42', 'tpc-h-v3-0-0-spark-61417193a4530ca5-exec-1'), ('34:43', 'tpc-h-v3-0-0-spark-61417193a4530ca5-exec-2'), ('34:43', 'tpc-h-v3-0-0-spark-61417193a4530ca5-exec-3'), ('34:43', 'tpc-h-v3-0-0-spark-61417193a4530ca5-exec-4'), ('34:44', 'tpc-h-v3-0-0-spark-61417193a4530ca5-exec-5'), ('34:44', 'tpc-h-v3-0-0-spark-61417193a4530ca5-exec-6'), ('34:44', 'tpc-h-v3-0-0-spark-61417193a4530ca5-exec-7'), ('34:45', 'tpc-h-v3-0-0-spark-61417193a4530ca5-exec-8'), ('34:56', 'tpc-h-v3-0-0-spark-61417193a4530ca5-exec-1'), ('34:57', 'tpc-h-v3-0-0-spark-61417193a4530ca5-exec-2'), ('34:57', 'tpc-h-v3-0-0-spark-61417193a4530ca5-exec-3'), ('34:58', 'tpc-h-v3-0-0-spark-61417193a4530ca5-exec-4'), ('34:58', 'tpc-h-v3-0-0-spark-61417193a4530ca5-exec-5'), ('34:59', 'tpc-h-v3-0-0-spark-61417193a4530ca5-exec-6'), ('34:59', 'tpc-h-v3-0-0-spark-61417193a4530ca5-exec-7'), ('35:00', 'tpc-h-v3-0-0-spark-61417193a4530ca5-exec-8'), ('35:17', 'tpc-h-v3-0-0-spark-61417193a4530ca5-exec-1'), ('35:17', 'tpc-h-v3-0-0-spark-61417193a4530ca5-exec-2'), ('35:18', 'tpc-h-v3-0-0-spark-61417193a4530ca5-exec-3'), ('35:18', 'tpc-h-v3-0-0-spark-61417193a4530ca5-exec-4'), ('35:19', 'tpc-h-v3-0-0-spark-61417193a4530ca5-exec-5'), ('35:19', 'tpc-h-v3-0-0-spark-61417193a4530ca5-exec-6'), ('35:20', 'tpc-h-v3-0-0-spark-61417193a4530ca5-exec-7'), ('35:20', 'tpc-h-v3-0-0-spark-61417193a4530ca5-exec-8')]"
19,2024-12-08 03:32:33.691130,2024-12-08 03:35:06.247596,140.38399999999996,"[('33:07', 'tpc-h-v3-0-0-spark-2b195a93a453b0c5-exec-1'), ('33:25', 'tpc-h-v3-0-0-spark-2b195a93a453b0c5-exec-1'), ('33:25', 'tpc-h-v3-0-0-spark-2b195a93a453b0c5-exec-2'), ('33:52', 'tpc-h-v3-0-0-spark-2b195a93a453b0c5-exec-1'), ('33:53', 'tpc-h-v3-0-0-spark-2b195a93a453b0c5-exec-2'), ('34:10', 'tpc-h-v3-0-0-spark-2b195a93a453b0c5-exec-1'), ('34:10', 'tpc-h-v3-0-0-spark-2b195a93a453b0c5-exec-2'), ('34:21', 'tpc-h-v3-0-0-spark-2b195a93a453b0c5-exec-1'), ('34:21', 'tpc-h-v3-0-0-spark-2b195a93a453b0c5-exec-2'), ('34:33', 'tpc-h-v3-0-0-spark-2b195a93a453b0c5-exec-1'), ('34:33', 'tpc-h-v3-0-0-spark-2b195a93a453b0c5-exec-2'), ('34:41', 'tpc-h-v3-0-0-spark-2b195a93a453b0c5-exec-1'), ('34:41', 'tpc-h-v3-0-0-spark-2b195a93a453b0c5-exec-2'), ('34:41', 'tpc-h-v3-0-0-spark-2b195a93a453b0c5-exec-4'), ('34:42', 'tpc-h-v3-0-0-spark-2b195a93a453b0c5-exec-5'), ('34:52', 'tpc-h-v3-0-0-spark-2b195a93a453b0c5-exec-1'), ('34:53', 'tpc-h-v3-0-0-spark-2b195a93a453b0c5-exec-2'), ('34:54', 'tpc-h-v3-0-0-spark-2b195a93a453b0c5-exec-4')]"
20,2024-12-08 03:32:48.093908,2024-12-08 03:37:11.404126,705.9899999999991,"[('33:33', 'tpc-h-v3-0-0-spark-c1c85893a453e8df-exec-1'), ('33:33', 'tpc-h-v3-0-0-spark-c1c85893a453e8df-exec-2'), ('33:34', 'tpc-h-v3-0-0-spark-c1c85893a453e8df-exec-3'), ('33:35', 'tpc-h-v3-0-0-spark-c1c85893a453e8df-exec-4'), ('33:35', 'tpc-h-v3-0-0-spark-c1c85893a453e8df-exec-5'), ('33:36', 'tpc-h-v3-0-0-spark-c1c85893a453e8df-exec-6'), ('33:36', 'tpc-h-v3-0-0-spark-c1c85893a453e8df-exec-7'), ('34:02', 'tpc-h-v3-0-0-spark-c1c85893a453e8df-exec-1'), ('34:02', 'tpc-h-v3-0-0-spark-c1c85893a453e8df-exec-2'), ('34:02', 'tpc-h-v3-0-0-spark-c1c85893a453e8df-exec-3'), ('34:03', 'tpc-h-v3-0-0-spark-c1c85893a453e8df-exec-4'), ('34:03', 'tpc-h-v3-0-0-spark-c1c85893a453e8df-exec-5'), ('34:03', 'tpc-h-v3-0-0-spark-c1c85893a453e8df-exec-6'), ('34:04', 'tpc-h-v3-0-0-spark-c1c85893a453e8df-exec-7'), ('34:14', 'tpc-h-v3-0-0-spark-c1c85893a453e8df-exec-1'), ('34:15', 'tpc-h-v3-0-0-spark-c1c85893a453e8df-exec-2'), ('34:15', 'tpc-h-v3-0-0-spark-c1c85893a453e8df-exec-3'), ('34:15', 'tpc-h-v3-0-0-spark-c1c85893a453e8df-exec-4'), ('34:16', 'tpc-h-v3-0-0-spark-c1c85893a453e8df-exec-5'), ('34:16', 'tpc-h-v3-0-0-spark-c1c85893a453e8df-exec-6'), ('34:16', 'tpc-h-v3-0-0-spark-c1c85893a453e8df-exec-7'), ('34:27', 'tpc-h-v3-0-0-spark-c1c85893a453e8df-exec-1'), ('34:27', 'tpc-h-v3-0-0-spark-c1c85893a453e8df-exec-2'), ('34:28', 'tpc-h-v3-0-0-spark-c1c85893a453e8df-exec-3'), ('34:28', 'tpc-h-v3-0-0-spark-c1c85893a453e8df-exec-4'), ('34:28', 'tpc-h-v3-0-0-spark-c1c85893a453e8df-exec-5'), ('34:29', 'tpc-h-v3-0-0-spark-c1c85893a453e8df-exec-6'), ('34:29', 'tpc-h-v3-0-0-spark-c1c85893a453e8df-exec-7'), ('34:37', 'tpc-h-v3-0-0-spark-c1c85893a453e8df-exec-1'), ('34:37', 'tpc-h-v3-0-0-spark-c1c85893a453e8df-exec-2'), ('34:38', 'tpc-h-v3-0-0-spark-c1c85893a453e8df-exec-3'), ('34:38', 'tpc-h-v3-0-0-spark-c1c85893a453e8df-exec-4'), ('34:38', 'tpc-h-v3-0-0-spark-c1c85893a453e8df-exec-5'), ('34:39', 'tpc-h-v3-0-0-spark-c1c85893a453e8df-exec-6'), ('34:39', 'tpc-h-v3-0-0-spark-c1c85893a453e8df-exec-7'), ('34:45', 'tpc-h-v3-0-0-spark-c1c85893a453e8df-exec-1'), ('34:45', 'tpc-h-v3-0-0-spark-c1c85893a453e8df-exec-2'), ('34:46', 'tpc-h-v3-0-0-spark-c1c85893a453e8df-exec-3'), ('34:47', 'tpc-h-v3-0-0-spark-c1c85893a453e8df-exec-4'), ('34:47', 'tpc-h-v3-0-0-spark-c1c85893a453e8df-exec-5'), ('34:48', 'tpc-h-v3-0-0-spark-c1c85893a453e8df-exec-6'), ('34:48', 'tpc-h-v3-0-0-spark-c1c85893a453e8df-exec-7'), ('34:49', 'tpc-h-v3-0-0-spark-c1c85893a453e8df-exec-9'), ('35:01', 'tpc-h-v3-0-0-spark-c1c85893a453e8df-exec-1'), ('35:01', 'tpc-h-v3-0-0-spark-c1c85893a453e8df-exec-2'), ('35:02', 'tpc-h-v3-0-0-spark-c1c85893a453e8df-exec-3'), ('35:03', 'tpc-h-v3-0-0-spark-c1c85893a453e8df-exec-4'), ('35:03', 'tpc-h-v3-0-0-spark-c1c85893a453e8df-exec-5'), ('35:03', 'tpc-h-v3-0-0-spark-c1c85893a453e8df-exec-6'), ('35:04', 'tpc-h-v3-0-0-spark-c1c85893a453e8df-exec-7'), ('35:04', 'tpc-h-v3-0-0-spark-c1c85893a453e8df-exec-9'), ('35:21', 'tpc-h-v3-0-0-spark-c1c85893a453e8df-exec-1'), ('35:22', 'tpc-h-v3-0-0-spark-c1c85893a453e8df-exec-2'), ('35:22', 'tpc-h-v3-0-0-spark-c1c85893a453e8df-exec-3'), ('35:23', 'tpc-h-v3-0-0-spark-c1c85893a453e8df-exec-4'), ('35:23', 'tpc-h-v3-0-0-spark-c1c85893a453e8df-exec-5'), ('35:24', 'tpc-h-v3-0-0-spark-c1c85893a453e8df-exec-6'), ('35:24', 'tpc-h-v3-0-0-spark-c1c85893a453e8df-exec-7'), ('35:25', 'tpc-h-v3-0-0-spark-c1c85893a453e8df-exec-9'), ('35:52', 'tpc-h-v3-0-0-spark-c1c85893a453e8df-exec-1'), ('35:52', 'tpc-h-v3-0-0-spark-c1c85893a453e8df-exec-2'), ('35:52', 'tpc-h-v3-0-0-spark-c1c85893a453e8df-exec-3'), ('35:53', 'tpc-h-v3-0-0-spark-c1c85893a453e8df-exec-4'), ('35:53', 'tpc-h-v3-0-0-spark-c1c85893a453e8df-exec-5'), ('35:54', 'tpc-h-v3-0-0-spark-c1c85893a453e8df-exec-6'), ('35:54', 'tpc-h-v3-0-0-spark-c1c85893a453e8df-exec-7'), ('35:55', 'tpc-h-v3-0-0-spark-c1c85893a453e8df-exec-9'), ('36:16', 'tpc-h-v3-0-0-spark-c1c85893a453e8df-exec-1'), ('36:17', 'tpc-h-v3-0-0-spark-c1c85893a453e8df-exec-2'), ('36:17', 'tpc-h-v3-0-0-spark-c1c85893a453e8df-exec-3'), ('36:18', 'tpc-h-v3-0-0-spark-c1c85893a453e8df-exec-4'), ('36:18', 'tpc-h-v3-0-0-spark-c1c85893a453e8df-exec-5'), ('36:19', 'tpc-h-v3-0-0-spark-c1c85893a453e8df-exec-6'), ('36:20', 'tpc-h-v3-0-0-spark-c1c85893a453e8df-exec-7'), ('36:21', 'tpc-h-v3-0-0-spark-c1c85893a453e8df-exec-9'), ('36:38', 'tpc-h-v3-0-0-spark-c1c85893a453e8df-exec-1'), ('36:38', 'tpc-h-v3-0-0-spark-c1c85893a453e8df-exec-2'), ('36:39', 'tpc-h-v3-0-0-spark-c1c85893a453e8df-exec-3'), ('36:40', 'tpc-h-v3-0-0-spark-c1c85893a453e8df-exec-4'), ('36:41', 'tpc-h-v3-0-0-spark-c1c85893a453e8df-exec-5'), ('36:41', 'tpc-h-v3-0-0-spark-c1c85893a453e8df-exec-6'), ('36:42', 'tpc-h-v3-0-0-spark-c1c85893a453e8df-exec-7'), ('36:42', 'tpc-h-v3-0-0-spark-c1c85893a453e8df-exec-9'), ('36:53', 'tpc-h-v3-0-0-spark-c1c85893a453e8df-exec-1'), ('36:53', 'tpc-h-v3-0-0-spark-c1c85893a453e8df-exec-2'), ('36:53', 'tpc-h-v3-0-0-spark-c1c85893a453e8df-exec-3'), ('36:54', 'tpc-h-v3-0-0-spark-c1c85893a453e8df-exec-4'), ('36:54', 'tpc-h-v3-0-0-spark-c1c85893a453e8df-exec-5'), ('36:54', 'tpc-h-v3-0-0-spark-c1c85893a453e8df-exec-6'), ('36:55', 'tpc-h-v3-0-0-spark-c1c85893a453e8df-exec-7'), ('36:55', 'tpc-h-v3-0-0-spark-c1c85893a453e8df-exec-9')]"
21,2024-12-08 03:33:04.136867,2024-12-08 03:36:26.420955,123.40500000000002,"[('34:42', 'tpc-h-v3-0-0-spark-4ee22c93a454221d-exec-1'), ('34:55', 'tpc-h-v3-0-0-spark-4ee22c93a454221d-exec-1'), ('34:56', 'tpc-h-v3-0-0-spark-4ee22c93a454221d-exec-2'), ('35:11', 'tpc-h-v3-0-0-spark-4ee22c93a454221d-exec-1'), ('35:11', 'tpc-h-v3-0-0-spark-4ee22c93a454221d-exec-2'), ('35:12', 'tpc-h-v3-0-0-spark-4ee22c93a454221d-exec-3'), ('35:35', 'tpc-h-v3-0-0-spark-4ee22c93a454221d-exec-1'), ('35:35', 'tpc-h-v3-0-0-spark-4ee22c93a454221d-exec-2'), ('35:36', 'tpc-h-v3-0-0-spark-4ee22c93a454221d-exec-3'), ('35:37', 'tpc-h-v3-0-0-spark-4ee22c93a454221d-exec-4'), ('35:37', 'tpc-h-v3-0-0-spark-4ee22c93a454221d-exec-5'), ('36:05', 'tpc-h-v3-0-0-spark-4ee22c93a454221d-exec-1'), ('36:06', 'tpc-h-v3-0-0-spark-4ee22c93a454221d-exec-2'), ('36:06', 'tpc-h-v3-0-0-spark-4ee22c93a454221d-exec-3'), ('36:07', 'tpc-h-v3-0-0-spark-4ee22c93a454221d-exec-4'), ('36:07', 'tpc-h-v3-0-0-spark-4ee22c93a454221d-exec-5')]"
22,2024-12-08 03:33:21.508754,2024-12-08 03:36:45.737688,131.1726666666667,"[('34:50', 'tpc-h-v3-0-0-spark-e31a1293a4547c55-exec-1'), ('35:05', 'tpc-h-v3-0-0-spark-e31a1293a4547c55-exec-1'), ('35:25', 'tpc-h-v3-0-0-spark-e31a1293a4547c55-exec-1'), ('35:26', 'tpc-h-v3-0-0-spark-e31a1293a4547c55-exec-2'), ('35:26', 'tpc-h-v3-0-0-spark-e31a1293a4547c55-exec-3'), ('35:55', 'tpc-h-v3-0-0-spark-e31a1293a4547c55-exec-1'), ('35:56', 'tpc-h-v3-0-0-spark-e31a1293a4547c55-exec-2'), ('35:56', 'tpc-h-v3-0-0-spark-e31a1293a4547c55-exec-3'), ('35:57', 'tpc-h-v3-0-0-spark-e31a1293a4547c55-exec-4'), ('35:58', 'tpc-h-v3-0-0-spark-e31a1293a4547c55-exec-5'), ('35:59', 'tpc-h-v3-0-0-spark-e31a1293a4547c55-exec-6'), ('36:22', 'tpc-h-v3-0-0-spark-e31a1293a4547c55-exec-1'), ('36:22', 'tpc-h-v3-0-0-spark-e31a1293a4547c55-exec-2'), ('36:23', 'tpc-h-v3-0-0-spark-e31a1293a4547c55-exec-3'), ('36:24', 'tpc-h-v3-0-0-spark-e31a1293a4547c55-exec-4'), ('36:24', 'tpc-h-v3-0-0-spark-e31a1293a4547c55-exec-5'), ('36:25', 'tpc-h-v3-0-0-spark-e31a1293a4547c55-exec-6')]"
23,2024-12-08 03:33:45.590197,2024-12-08 03:38:44.454901,928.155333333332,"[('34:56', 'tpc-h-v3-0-0-spark-52f1ae93a455586b-exec-1'), ('35:12', 'tpc-h-v3-0-0-spark-52f1ae93a455586b-exec-1'), ('35:13', 'tpc-h-v3-0-0-spark-52f1ae93a455586b-exec-2'), ('35:13', 'tpc-h-v3-0-0-spark-52f1ae93a455586b-exec-3'), ('35:13', 'tpc-h-v3-0-0-spark-52f1ae93a455586b-exec-4'), ('35:14', 'tpc-h-v3-0-0-spark-52f1ae93a455586b-exec-5'), ('35:15', 'tpc-h-v3-0-0-spark-52f1ae93a455586b-exec-6'), ('35:15', 'tpc-h-v3-0-0-spark-52f1ae93a455586b-exec-7'), ('35:16', 'tpc-h-v3-0-0-spark-52f1ae93a455586b-exec-8'), ('35:39', 'tpc-h-v3-0-0-spark-52f1ae93a455586b-exec-1'), ('35:40', 'tpc-h-v3-0-0-spark-52f1ae93a455586b-exec-2'), ('35:40', 'tpc-h-v3-0-0-spark-52f1ae93a455586b-exec-3'), ('35:41', 'tpc-h-v3-0-0-spark-52f1ae93a455586b-exec-4'), ('35:41', 'tpc-h-v3-0-0-spark-52f1ae93a455586b-exec-5'), ('35:42', 'tpc-h-v3-0-0-spark-52f1ae93a455586b-exec-6'), ('35:44', 'tpc-h-v3-0-0-spark-52f1ae93a455586b-exec-7'), ('35:44', 'tpc-h-v3-0-0-spark-52f1ae93a455586b-exec-8'), ('36:09', 'tpc-h-v3-0-0-spark-52f1ae93a455586b-exec-1'), ('36:11', 'tpc-h-v3-0-0-spark-52f1ae93a455586b-exec-2'), ('36:11', 'tpc-h-v3-0-0-spark-52f1ae93a455586b-exec-3'), ('36:12', 'tpc-h-v3-0-0-spark-52f1ae93a455586b-exec-4'), ('36:13', 'tpc-h-v3-0-0-spark-52f1ae93a455586b-exec-5'), ('36:13', 'tpc-h-v3-0-0-spark-52f1ae93a455586b-exec-6'), ('36:14', 'tpc-h-v3-0-0-spark-52f1ae93a455586b-exec-7'), ('36:15', 'tpc-h-v3-0-0-spark-52f1ae93a455586b-exec-8'), ('36:31', 'tpc-h-v3-0-0-spark-52f1ae93a455586b-exec-1'), ('36:31', 'tpc-h-v3-0-0-spark-52f1ae93a455586b-exec-2'), ('36:32', 'tpc-h-v3-0-0-spark-52f1ae93a455586b-exec-3'), ('36:32', 'tpc-h-v3-0-0-spark-52f1ae93a455586b-exec-4'), ('36:33', 'tpc-h-v3-0-0-spark-52f1ae93a455586b-exec-5'), ('36:34', 'tpc-h-v3-0-0-spark-52f1ae93a455586b-exec-6'), ('36:34', 'tpc-h-v3-0-0-spark-52f1ae93a455586b-exec-7'), ('36:34', 'tpc-h-v3-0-0-spark-52f1ae93a455586b-exec-8'), ('36:50', 'tpc-h-v3-0-0-spark-52f1ae93a455586b-exec-1'), ('36:50', 'tpc-h-v3-0-0-spark-52f1ae93a455586b-exec-2'), ('36:50', 'tpc-h-v3-0-0-spark-52f1ae93a455586b-exec-3'), ('36:51', 'tpc-h-v3-0-0-spark-52f1ae93a455586b-exec-4'), ('36:51', 'tpc-h-v3-0-0-spark-52f1ae93a455586b-exec-5'), ('36:51', 'tpc-h-v3-0-0-spark-52f1ae93a455586b-exec-6'), ('36:52', 'tpc-h-v3-0-0-spark-52f1ae93a455586b-exec-7'), ('36:52', 'tpc-h-v3-0-0-spark-52f1ae93a455586b-exec-8'), ('37:04', 'tpc-h-v3-0-0-spark-52f1ae93a455586b-exec-1'), ('37:05', 'tpc-h-v3-0-0-spark-52f1ae93a455586b-exec-2'), ('37:05', 'tpc-h-v3-0-0-spark-52f1ae93a455586b-exec-3'), ('37:05', 'tpc-h-v3-0-0-spark-52f1ae93a455586b-exec-4'), ('37:06', 'tpc-h-v3-0-0-spark-52f1ae93a455586b-exec-5'), ('37:06', 'tpc-h-v3-0-0-spark-52f1ae93a455586b-exec-6'), ('37:06', 'tpc-h-v3-0-0-spark-52f1ae93a455586b-exec-7'), ('37:07', 'tpc-h-v3-0-0-spark-52f1ae93a455586b-exec-8'), ('37:16', 'tpc-h-v3-0-0-spark-52f1ae93a455586b-exec-1'), ('37:16', 'tpc-h-v3-0-0-spark-52f1ae93a455586b-exec-2'), ('37:16', 'tpc-h-v3-0-0-spark-52f1ae93a455586b-exec-3'), ('37:17', 'tpc-h-v3-0-0-spark-52f1ae93a455586b-exec-4'), ('37:17', 'tpc-h-v3-0-0-spark-52f1ae93a455586b-exec-5'), ('37:17', 'tpc-h-v3-0-0-spark-52f1ae93a455586b-exec-6'), ('37:18', 'tpc-h-v3-0-0-spark-52f1ae93a455586b-exec-7'), ('37:18', 'tpc-h-v3-0-0-spark-52f1ae93a455586b-exec-8'), ('37:28', 'tpc-h-v3-0-0-spark-52f1ae93a455586b-exec-1'), ('37:29', 'tpc-h-v3-0-0-spark-52f1ae93a455586b-exec-2'), ('37:29', 'tpc-h-v3-0-0-spark-52f1ae93a455586b-exec-3'), ('37:29', 'tpc-h-v3-0-0-spark-52f1ae93a455586b-exec-4'), ('37:30', 'tpc-h-v3-0-0-spark-52f1ae93a455586b-exec-5'), ('37:30', 'tpc-h-v3-0-0-spark-52f1ae93a455586b-exec-6'), ('37:30', 'tpc-h-v3-0-0-spark-52f1ae93a455586b-exec-7'), ('37:31', 'tpc-h-v3-0-0-spark-52f1ae93a455586b-exec-8'), ('37:41', 'tpc-h-v3-0-0-spark-52f1ae93a455586b-exec-1'), ('37:41', 'tpc-h-v3-0-0-spark-52f1ae93a455586b-exec-2'), ('37:41', 'tpc-h-v3-0-0-spark-52f1ae93a455586b-exec-3'), ('37:42', 'tpc-h-v3-0-0-spark-52f1ae93a455586b-exec-4'), ('37:42', 'tpc-h-v3-0-0-spark-52f1ae93a455586b-exec-5'), ('37:43', 'tpc-h-v3-0-0-spark-52f1ae93a455586b-exec-6'), ('37:43', 'tpc-h-v3-0-0-spark-52f1ae93a455586b-exec-7'), ('37:44', 'tpc-h-v3-0-0-spark-52f1ae93a455586b-exec-8'), ('37:53', 'tpc-h-v3-0-0-spark-52f1ae93a455586b-exec-1'), ('37:54', 'tpc-h-v3-0-0-spark-52f1ae93a455586b-exec-2'), ('37:54', 'tpc-h-v3-0-0-spark-52f1ae93a455586b-exec-3'), ('37:54', 'tpc-h-v3-0-0-spark-52f1ae93a455586b-exec-4'), ('37:55', 'tpc-h-v3-0-0-spark-52f1ae93a455586b-exec-5'), ('37:55', 'tpc-h-v3-0-0-spark-52f1ae93a455586b-exec-6'), ('37:56', 'tpc-h-v3-0-0-spark-52f1ae93a455586b-exec-7'), ('37:56', 'tpc-h-v3-0-0-spark-52f1ae93a455586b-exec-8'), ('38:04', 'tpc-h-v3-0-0-spark-52f1ae93a455586b-exec-1'), ('38:04', 'tpc-h-v3-0-0-spark-52f1ae93a455586b-exec-2'), ('38:05', 'tpc-h-v3-0-0-spark-52f1ae93a455586b-exec-3'), ('38:05', 'tpc-h-v3-0-0-spark-52f1ae93a455586b-exec-4'), ('38:05', 'tpc-h-v3-0-0-spark-52f1ae93a455586b-exec-5'), ('38:06', 'tpc-h-v3-0-0-spark-52f1ae93a455586b-exec-6'), ('38:06', 'tpc-h-v3-0-0-spark-52f1ae93a455586b-exec-7'), ('38:06', 'tpc-h-v3-0-0-spark-52f1ae93a455586b-exec-8'), ('38:14', 'tpc-h-v3-0-0-spark-52f1ae93a455586b-exec-1'), ('38:14', 'tpc-h-v3-0-0-spark-52f1ae93a455586b-exec-2'), ('38:15', 'tpc-h-v3-0-0-spark-52f1ae93a455586b-exec-3'), ('38:15', 'tpc-h-v3-0-0-spark-52f1ae93a455586b-exec-4'), ('38:15', 'tpc-h-v3-0-0-spark-52f1ae93a455586b-exec-5'), ('38:16', 'tpc-h-v3-0-0-spark-52f1ae93a455586b-exec-6'), ('38:16', 'tpc-h-v3-0-0-spark-52f1ae93a455586b-exec-7'), ('38:17', 'tpc-h-v3-0-0-spark-52f1ae93a455586b-exec-8'), ('38:24', 'tpc-h-v3-0-0-spark-52f1ae93a455586b-exec-1'), ('38:25', 'tpc-h-v3-0-0-spark-52f1ae93a455586b-exec-2'), ('38:25', 'tpc-h-v3-0-0-spark-52f1ae93a455586b-exec-3'), ('38:26', 'tpc-h-v3-0-0-spark-52f1ae93a455586b-exec-4'), ('38:26', 'tpc-h-v3-0-0-spark-52f1ae93a455586b-exec-5'), ('38:26', 'tpc-h-v3-0-0-spark-52f1ae93a455586b-exec-6'), ('38:26', 'tpc-h-v3-0-0-spark-52f1ae93a455586b-exec-7'), ('38:27', 'tpc-h-v3-0-0-spark-52f1ae93a455586b-exec-8'), ('38:31', 'tpc-h-v3-0-0-spark-52f1ae93a455586b-exec-1'), ('38:31', 'tpc-h-v3-0-0-spark-52f1ae93a455586b-exec-2'), ('38:31', 'tpc-h-v3-0-0-spark-52f1ae93a455586b-exec-3'), ('38:32', 'tpc-h-v3-0-0-spark-52f1ae93a455586b-exec-4'), ('38:32', 'tpc-h-v3-0-0-spark-52f1ae93a455586b-exec-5'), ('38:32', 'tpc-h-v3-0-0-spark-52f1ae93a455586b-exec-6'), ('38:33', 'tpc-h-v3-0-0-spark-52f1ae93a455586b-exec-7'), ('38:33', 'tpc-h-v3-0-0-spark-52f1ae93a455586b-exec-8'), ('38:38', 'tpc-h-v3-0-0-spark-52f1ae93a455586b-exec-1'), ('38:38', 'tpc-h-v3-0-0-spark-52f1ae93a455586b-exec-2'), ('38:39', 'tpc-h-v3-0-0-spark-52f1ae93a455586b-exec-3'), ('38:39', 'tpc-h-v3-0-0-spark-52f1ae93a455586b-exec-4'), ('38:39', 'tpc-h-v3-0-0-spark-52f1ae93a455586b-exec-5'), ('38:40', 'tpc-h-v3-0-0-spark-52f1ae93a455586b-exec-6'), ('38:40', 'tpc-h-v3-0-0-spark-52f1ae93a455586b-exec-7')]"
24,2024-12-08 03:34:10.227734,2024-12-08 03:36:00.025773,15.409333333333333,"[('35:20', 'tpc-h-v3-0-0-spark-7db9dd93a4556038-exec-1'), ('35:49', 'tpc-h-v3-0-0-spark-7db9dd93a4556038-exec-1')]"
25,2024-12-08 03:34:20.670402,2024-12-08 03:36:45.737801,69.378,"[('35:00', 'tpc-h-v3-0-0-spark-b7736b93a455561e-exec-1'), ('35:21', 'tpc-h-v3-0-0-spark-b7736b93a455561e-exec-1'), ('35:21', 'tpc-h-v3-0-0-spark-b7736b93a455561e-exec-2'), ('35:49', 'tpc-h-v3-0-0-spark-b7736b93a455561e-exec-1'), ('35:50', 'tpc-h-v3-0-0-spark-b7736b93a455561e-exec-2'), ('35:51', 'tpc-h-v3-0-0-spark-b7736b93a455561e-exec-3'), ('36:15', 'tpc-h-v3-0-0-spark-b7736b93a455561e-exec-1'), ('36:15', 'tpc-h-v3-0-0-spark-b7736b93a455561e-exec-2'), ('36:16', 'tpc-h-v3-0-0-spark-b7736b93a455561e-exec-3')]"
26,2024-12-08 03:34:32.945929,2024-12-08 03:38:30.751397,803.6086666666654,"[('35:06', 'tpc-h-v3-0-0-spark-2bed1f93a4557f4e-exec-1'), ('35:07', 'tpc-h-v3-0-0-spark-2bed1f93a4557f4e-exec-2'), ('35:07', 'tpc-h-v3-0-0-spark-2bed1f93a4557f4e-exec-3'), ('35:08', 'tpc-h-v3-0-0-spark-2bed1f93a4557f4e-exec-4'), ('35:09', 'tpc-h-v3-0-0-spark-2bed1f93a4557f4e-exec-5'), ('35:10', 'tpc-h-v3-0-0-spark-2bed1f93a4557f4e-exec-6'), ('35:10', 'tpc-h-v3-0-0-spark-2bed1f93a4557f4e-exec-7'), ('35:10', 'tpc-h-v3-0-0-spark-2bed1f93a4557f4e-exec-8'), ('35:29', 'tpc-h-v3-0-0-spark-2bed1f93a4557f4e-exec-1'), ('35:30', 'tpc-h-v3-0-0-spark-2bed1f93a4557f4e-exec-2'), ('35:31', 'tpc-h-v3-0-0-spark-2bed1f93a4557f4e-exec-3'), ('35:31', 'tpc-h-v3-0-0-spark-2bed1f93a4557f4e-exec-4'), ('35:32', 'tpc-h-v3-0-0-spark-2bed1f93a4557f4e-exec-5'), ('35:32', 'tpc-h-v3-0-0-spark-2bed1f93a4557f4e-exec-6'), ('35:33', 'tpc-h-v3-0-0-spark-2bed1f93a4557f4e-exec-7'), ('35:34', 'tpc-h-v3-0-0-spark-2bed1f93a4557f4e-exec-8'), ('36:01', 'tpc-h-v3-0-0-spark-2bed1f93a4557f4e-exec-1'), ('36:01', 'tpc-h-v3-0-0-spark-2bed1f93a4557f4e-exec-2'), ('36:02', 'tpc-h-v3-0-0-spark-2bed1f93a4557f4e-exec-3'), ('36:02', 'tpc-h-v3-0-0-spark-2bed1f93a4557f4e-exec-4'), ('36:02', 'tpc-h-v3-0-0-spark-2bed1f93a4557f4e-exec-5'), ('36:03', 'tpc-h-v3-0-0-spark-2bed1f93a4557f4e-exec-6'), ('36:03', 'tpc-h-v3-0-0-spark-2bed1f93a4557f4e-exec-7'), ('36:04', 'tpc-h-v3-0-0-spark-2bed1f93a4557f4e-exec-8'), ('36:27', 'tpc-h-v3-0-0-spark-2bed1f93a4557f4e-exec-1'), ('36:28', 'tpc-h-v3-0-0-spark-2bed1f93a4557f4e-exec-2'), ('36:28', 'tpc-h-v3-0-0-spark-2bed1f93a4557f4e-exec-3'), ('36:29', 'tpc-h-v3-0-0-spark-2bed1f93a4557f4e-exec-4'), ('36:29', 'tpc-h-v3-0-0-spark-2bed1f93a4557f4e-exec-5'), ('36:29', 'tpc-h-v3-0-0-spark-2bed1f93a4557f4e-exec-6'), ('36:30', 'tpc-h-v3-0-0-spark-2bed1f93a4557f4e-exec-7'), ('36:30', 'tpc-h-v3-0-0-spark-2bed1f93a4557f4e-exec-8'), ('36:47', 'tpc-h-v3-0-0-spark-2bed1f93a4557f4e-exec-1'), ('36:47', 'tpc-h-v3-0-0-spark-2bed1f93a4557f4e-exec-2'), ('36:47', 'tpc-h-v3-0-0-spark-2bed1f93a4557f4e-exec-3'), ('36:48', 'tpc-h-v3-0-0-spark-2bed1f93a4557f4e-exec-4'), ('36:48', 'tpc-h-v3-0-0-spark-2bed1f93a4557f4e-exec-5'), ('36:48', 'tpc-h-v3-0-0-spark-2bed1f93a4557f4e-exec-6'), ('36:49', 'tpc-h-v3-0-0-spark-2bed1f93a4557f4e-exec-7'), ('36:49', 'tpc-h-v3-0-0-spark-2bed1f93a4557f4e-exec-8'), ('37:01', 'tpc-h-v3-0-0-spark-2bed1f93a4557f4e-exec-1'), ('37:02', 'tpc-h-v3-0-0-spark-2bed1f93a4557f4e-exec-2'), ('37:02', 'tpc-h-v3-0-0-spark-2bed1f93a4557f4e-exec-3'), ('37:02', 'tpc-h-v3-0-0-spark-2bed1f93a4557f4e-exec-4'), ('37:03', 'tpc-h-v3-0-0-spark-2bed1f93a4557f4e-exec-5'), ('37:03', 'tpc-h-v3-0-0-spark-2bed1f93a4557f4e-exec-6'), ('37:03', 'tpc-h-v3-0-0-spark-2bed1f93a4557f4e-exec-7'), ('37:04', 'tpc-h-v3-0-0-spark-2bed1f93a4557f4e-exec-8'), ('37:13', 'tpc-h-v3-0-0-spark-2bed1f93a4557f4e-exec-1'), ('37:14', 'tpc-h-v3-0-0-spark-2bed1f93a4557f4e-exec-2'), ('37:14', 'tpc-h-v3-0-0-spark-2bed1f93a4557f4e-exec-3'), ('37:14', 'tpc-h-v3-0-0-spark-2bed1f93a4557f4e-exec-4'), ('37:15', 'tpc-h-v3-0-0-spark-2bed1f93a4557f4e-exec-5'), ('37:15', 'tpc-h-v3-0-0-spark-2bed1f93a4557f4e-exec-6'), ('37:15', 'tpc-h-v3-0-0-spark-2bed1f93a4557f4e-exec-7'), ('37:16', 'tpc-h-v3-0-0-spark-2bed1f93a4557f4e-exec-8'), ('37:25', 'tpc-h-v3-0-0-spark-2bed1f93a4557f4e-exec-1'), ('37:25', 'tpc-h-v3-0-0-spark-2bed1f93a4557f4e-exec-2'), ('37:26', 'tpc-h-v3-0-0-spark-2bed1f93a4557f4e-exec-3'), ('37:26', 'tpc-h-v3-0-0-spark-2bed1f93a4557f4e-exec-4'), ('37:26', 'tpc-h-v3-0-0-spark-2bed1f93a4557f4e-exec-5'), ('37:27', 'tpc-h-v3-0-0-spark-2bed1f93a4557f4e-exec-6'), ('37:27', 'tpc-h-v3-0-0-spark-2bed1f93a4557f4e-exec-7'), ('37:28', 'tpc-h-v3-0-0-spark-2bed1f93a4557f4e-exec-8'), ('37:38', 'tpc-h-v3-0-0-spark-2bed1f93a4557f4e-exec-1'), ('37:38', 'tpc-h-v3-0-0-spark-2bed1f93a4557f4e-exec-2'), ('37:38', 'tpc-h-v3-0-0-spark-2bed1f93a4557f4e-exec-3'), ('37:39', 'tpc-h-v3-0-0-spark-2bed1f93a4557f4e-exec-4'), ('37:39', 'tpc-h-v3-0-0-spark-2bed1f93a4557f4e-exec-5'), ('37:39', 'tpc-h-v3-0-0-spark-2bed1f93a4557f4e-exec-6'), ('37:40', 'tpc-h-v3-0-0-spark-2bed1f93a4557f4e-exec-7'), ('37:40', 'tpc-h-v3-0-0-spark-2bed1f93a4557f4e-exec-8'), ('37:50', 'tpc-h-v3-0-0-spark-2bed1f93a4557f4e-exec-1'), ('37:50', 'tpc-h-v3-0-0-spark-2bed1f93a4557f4e-exec-2'), ('37:51', 'tpc-h-v3-0-0-spark-2bed1f93a4557f4e-exec-3'), ('37:51', 'tpc-h-v3-0-0-spark-2bed1f93a4557f4e-exec-4'), ('37:51', 'tpc-h-v3-0-0-spark-2bed1f93a4557f4e-exec-5'), ('37:52', 'tpc-h-v3-0-0-spark-2bed1f93a4557f4e-exec-6'), ('37:52', 'tpc-h-v3-0-0-spark-2bed1f93a4557f4e-exec-7'), ('37:53', 'tpc-h-v3-0-0-spark-2bed1f93a4557f4e-exec-8'), ('38:01', 'tpc-h-v3-0-0-spark-2bed1f93a4557f4e-exec-1'), ('38:02', 'tpc-h-v3-0-0-spark-2bed1f93a4557f4e-exec-2'), ('38:02', 'tpc-h-v3-0-0-spark-2bed1f93a4557f4e-exec-3'), ('38:02', 'tpc-h-v3-0-0-spark-2bed1f93a4557f4e-exec-4'), ('38:03', 'tpc-h-v3-0-0-spark-2bed1f93a4557f4e-exec-5'), ('38:03', 'tpc-h-v3-0-0-spark-2bed1f93a4557f4e-exec-6'), ('38:03', 'tpc-h-v3-0-0-spark-2bed1f93a4557f4e-exec-7'), ('38:04', 'tpc-h-v3-0-0-spark-2bed1f93a4557f4e-exec-8'), ('38:11', 'tpc-h-v3-0-0-spark-2bed1f93a4557f4e-exec-1'), ('38:11', 'tpc-h-v3-0-0-spark-2bed1f93a4557f4e-exec-2'), ('38:12', 'tpc-h-v3-0-0-spark-2bed1f93a4557f4e-exec-3'), ('38:12', 'tpc-h-v3-0-0-spark-2bed1f93a4557f4e-exec-4'), ('38:12', 'tpc-h-v3-0-0-spark-2bed1f93a4557f4e-exec-5'), ('38:13', 'tpc-h-v3-0-0-spark-2bed1f93a4557f4e-exec-6'), ('38:13', 'tpc-h-v3-0-0-spark-2bed1f93a4557f4e-exec-7'), ('38:13', 'tpc-h-v3-0-0-spark-2bed1f93a4557f4e-exec-8'), ('38:21', 'tpc-h-v3-0-0-spark-2bed1f93a4557f4e-exec-1'), ('38:22', 'tpc-h-v3-0-0-spark-2bed1f93a4557f4e-exec-2'), ('38:22', 'tpc-h-v3-0-0-spark-2bed1f93a4557f4e-exec-3'), ('38:22', 'tpc-h-v3-0-0-spark-2bed1f93a4557f4e-exec-4'), ('38:23', 'tpc-h-v3-0-0-spark-2bed1f93a4557f4e-exec-5'), ('38:23', 'tpc-h-v3-0-0-spark-2bed1f93a4557f4e-exec-6'), ('38:23', 'tpc-h-v3-0-0-spark-2bed1f93a4557f4e-exec-7'), ('38:24', 'tpc-h-v3-0-0-spark-2bed1f93a4557f4e-exec-8')]"
27,2024-12-08 03:35:27.685046,2024-12-08 03:38:01.230400,200.34833333333336,"[('36:27', 'tpc-h-v3-0-0-spark-1e01ca93a456c09a-exec-1'), ('36:46', 'tpc-h-v3-0-0-spark-1e01ca93a456c09a-exec-1'), ('36:46', 'tpc-h-v3-0-0-spark-1e01ca93a456c09a-exec-2'), ('37:00', 'tpc-h-v3-0-0-spark-1e01ca93a456c09a-exec-1'), ('37:00', 'tpc-h-v3-0-0-spark-1e01ca93a456c09a-exec-2'), ('37:01', 'tpc-h-v3-0-0-spark-1e01ca93a456c09a-exec-3'), ('37:12', 'tpc-h-v3-0-0-spark-1e01ca93a456c09a-exec-1'), ('37:12', 'tpc-h-v3-0-0-spark-1e01ca93a456c09a-exec-2'), ('37:13', 'tpc-h-v3-0-0-spark-1e01ca93a456c09a-exec-3'), ('37:13', 'tpc-h-v3-0-0-spark-1e01ca93a456c09a-exec-4'), ('37:23', 'tpc-h-v3-0-0-spark-1e01ca93a456c09a-exec-1'), ('37:23', 'tpc-h-v3-0-0-spark-1e01ca93a456c09a-exec-2'), ('37:24', 'tpc-h-v3-0-0-spark-1e01ca93a456c09a-exec-3'), ('37:24', 'tpc-h-v3-0-0-spark-1e01ca93a456c09a-exec-4'), ('37:25', 'tpc-h-v3-0-0-spark-1e01ca93a456c09a-exec-5'), ('37:36', 'tpc-h-v3-0-0-spark-1e01ca93a456c09a-exec-1'), ('37:36', 'tpc-h-v3-0-0-spark-1e01ca93a456c09a-exec-2'), ('37:37', 'tpc-h-v3-0-0-spark-1e01ca93a456c09a-exec-3'), ('37:37', 'tpc-h-v3-0-0-spark-1e01ca93a456c09a-exec-4'), ('37:37', 'tpc-h-v3-0-0-spark-1e01ca93a456c09a-exec-5'), ('37:48', 'tpc-h-v3-0-0-spark-1e01ca93a456c09a-exec-1'), ('37:48', 'tpc-h-v3-0-0-spark-1e01ca93a456c09a-exec-2'), ('37:49', 'tpc-h-v3-0-0-spark-1e01ca93a456c09a-exec-3'), ('37:49', 'tpc-h-v3-0-0-spark-1e01ca93a456c09a-exec-4'), ('37:49', 'tpc-h-v3-0-0-spark-1e01ca93a456c09a-exec-5'), ('37:50', 'tpc-h-v3-0-0-spark-1e01ca93a456c09a-exec-6')]"
28,2024-12-08 03:36:00.038073,2024-12-08 03:40:10.770314,2028.2895000000065,"[('36:56', 'tpc-h-v3-0-0-spark-da86a693a456efe1-exec-1'), ('36:56', 'tpc-h-v3-0-0-spark-da86a693a456efe1-exec-2'), ('36:56', 'tpc-h-v3-0-0-spark-da86a693a456efe1-exec-3'), ('36:57', 'tpc-h-v3-0-0-spark-da86a693a456efe1-exec-4'), ('36:57', 'tpc-h-v3-0-0-spark-da86a693a456efe1-exec-5'), ('36:57', 'tpc-h-v3-0-0-spark-da86a693a456efe1-exec-6'), ('36:58', 'tpc-h-v3-0-0-spark-da86a693a456efe1-exec-7'), ('36:58', 'tpc-h-v3-0-0-spark-da86a693a456efe1-exec-8'), ('37:08', 'tpc-h-v3-0-0-spark-da86a693a456efe1-exec-1'), ('37:08', 'tpc-h-v3-0-0-spark-da86a693a456efe1-exec-2'), ('37:08', 'tpc-h-v3-0-0-spark-da86a693a456efe1-exec-3'), ('37:08', 'tpc-h-v3-0-0-spark-da86a693a456efe1-exec-4'), ('37:09', 'tpc-h-v3-0-0-spark-da86a693a456efe1-exec-5'), ('37:09', 'tpc-h-v3-0-0-spark-da86a693a456efe1-exec-6'), ('37:10', 'tpc-h-v3-0-0-spark-da86a693a456efe1-exec-7'), ('37:10', 'tpc-h-v3-0-0-spark-da86a693a456efe1-exec-8'), ('37:19', 'tpc-h-v3-0-0-spark-da86a693a456efe1-exec-1'), ('37:19', 'tpc-h-v3-0-0-spark-da86a693a456efe1-exec-2'), ('37:19', 'tpc-h-v3-0-0-spark-da86a693a456efe1-exec-3'), ('37:20', 'tpc-h-v3-0-0-spark-da86a693a456efe1-exec-4'), ('37:20', 'tpc-h-v3-0-0-spark-da86a693a456efe1-exec-5'), ('37:20', 'tpc-h-v3-0-0-spark-da86a693a456efe1-exec-6'), ('37:21', 'tpc-h-v3-0-0-spark-da86a693a456efe1-exec-7'), ('37:21', 'tpc-h-v3-0-0-spark-da86a693a456efe1-exec-8'), ('37:31', 'tpc-h-v3-0-0-spark-da86a693a456efe1-exec-1'), ('37:32', 'tpc-h-v3-0-0-spark-da86a693a456efe1-exec-2'), ('37:32', 'tpc-h-v3-0-0-spark-da86a693a456efe1-exec-3'), ('37:33', 'tpc-h-v3-0-0-spark-da86a693a456efe1-exec-4'), ('37:33', 'tpc-h-v3-0-0-spark-da86a693a456efe1-exec-5'), ('37:34', 'tpc-h-v3-0-0-spark-da86a693a456efe1-exec-6'), ('37:34', 'tpc-h-v3-0-0-spark-da86a693a456efe1-exec-7'), ('37:34', 'tpc-h-v3-0-0-spark-da86a693a456efe1-exec-8'), ('37:44', 'tpc-h-v3-0-0-spark-da86a693a456efe1-exec-1'), ('37:44', 'tpc-h-v3-0-0-spark-da86a693a456efe1-exec-2'), ('37:45', 'tpc-h-v3-0-0-spark-da86a693a456efe1-exec-3'), ('37:45', 'tpc-h-v3-0-0-spark-da86a693a456efe1-exec-4'), ('37:45', 'tpc-h-v3-0-0-spark-da86a693a456efe1-exec-5'), ('37:46', 'tpc-h-v3-0-0-spark-da86a693a456efe1-exec-6'), ('37:46', 'tpc-h-v3-0-0-spark-da86a693a456efe1-exec-7'), ('37:46', 'tpc-h-v3-0-0-spark-da86a693a456efe1-exec-8'), ('37:57', 'tpc-h-v3-0-0-spark-da86a693a456efe1-exec-1'), ('37:57', 'tpc-h-v3-0-0-spark-da86a693a456efe1-exec-2'), ('37:58', 'tpc-h-v3-0-0-spark-da86a693a456efe1-exec-3'), ('37:58', 'tpc-h-v3-0-0-spark-da86a693a456efe1-exec-4'), ('37:59', 'tpc-h-v3-0-0-spark-da86a693a456efe1-exec-5'), ('37:59', 'tpc-h-v3-0-0-spark-da86a693a456efe1-exec-6'), ('37:59', 'tpc-h-v3-0-0-spark-da86a693a456efe1-exec-7'), ('38:00', 'tpc-h-v3-0-0-spark-da86a693a456efe1-exec-8'), ('38:07', 'tpc-h-v3-0-0-spark-da86a693a456efe1-exec-1'), ('38:07', 'tpc-h-v3-0-0-spark-da86a693a456efe1-exec-2'), ('38:07', 'tpc-h-v3-0-0-spark-da86a693a456efe1-exec-3'), ('38:08', 'tpc-h-v3-0-0-spark-da86a693a456efe1-exec-4'), ('38:08', 'tpc-h-v3-0-0-spark-da86a693a456efe1-exec-5'), ('38:08', 'tpc-h-v3-0-0-spark-da86a693a456efe1-exec-6'), ('38:09', 'tpc-h-v3-0-0-spark-da86a693a456efe1-exec-7'), ('38:09', 'tpc-h-v3-0-0-spark-da86a693a456efe1-exec-8'), ('38:17', 'tpc-h-v3-0-0-spark-da86a693a456efe1-exec-1'), ('38:17', 'tpc-h-v3-0-0-spark-da86a693a456efe1-exec-2'), ('38:18', 'tpc-h-v3-0-0-spark-da86a693a456efe1-exec-3'), ('38:18', 'tpc-h-v3-0-0-spark-da86a693a456efe1-exec-4'), ('38:18', 'tpc-h-v3-0-0-spark-da86a693a456efe1-exec-5'), ('38:19', 'tpc-h-v3-0-0-spark-da86a693a456efe1-exec-6'), ('38:19', 'tpc-h-v3-0-0-spark-da86a693a456efe1-exec-7'), ('38:20', 'tpc-h-v3-0-0-spark-da86a693a456efe1-exec-8'), ('38:27', 'tpc-h-v3-0-0-spark-da86a693a456efe1-exec-1'), ('38:27', 'tpc-h-v3-0-0-spark-da86a693a456efe1-exec-2'), ('38:28', 'tpc-h-v3-0-0-spark-da86a693a456efe1-exec-3'), ('38:28', 'tpc-h-v3-0-0-spark-da86a693a456efe1-exec-4'), ('38:28', 'tpc-h-v3-0-0-spark-da86a693a456efe1-exec-5'), ('38:29', 'tpc-h-v3-0-0-spark-da86a693a456efe1-exec-6'), ('38:29', 'tpc-h-v3-0-0-spark-da86a693a456efe1-exec-7'), ('38:29', 'tpc-h-v3-0-0-spark-da86a693a456efe1-exec-8'), ('38:34', 'tpc-h-v3-0-0-spark-da86a693a456efe1-exec-1'), ('38:34', 'tpc-h-v3-0-0-spark-da86a693a456efe1-exec-2'), ('38:35', 'tpc-h-v3-0-0-spark-da86a693a456efe1-exec-3'), ('38:35', 'tpc-h-v3-0-0-spark-da86a693a456efe1-exec-4'), ('38:35', 'tpc-h-v3-0-0-spark-da86a693a456efe1-exec-5'), ('38:36', 'tpc-h-v3-0-0-spark-da86a693a456efe1-exec-6'), ('38:36', 'tpc-h-v3-0-0-spark-da86a693a456efe1-exec-7'), ('38:36', 'tpc-h-v3-0-0-spark-da86a693a456efe1-exec-8'), ('38:41', 'tpc-h-v3-0-0-spark-da86a693a456efe1-exec-1'), ('38:41', 'tpc-h-v3-0-0-spark-da86a693a456efe1-exec-2'), ('38:41', 'tpc-h-v3-0-0-spark-da86a693a456efe1-exec-3'), ('38:42', 'tpc-h-v3-0-0-spark-da86a693a456efe1-exec-4'), ('38:42', 'tpc-h-v3-0-0-spark-da86a693a456efe1-exec-5'), ('38:42', 'tpc-h-v3-0-0-spark-da86a693a456efe1-exec-6'), ('38:43', 'tpc-h-v3-0-0-spark-da86a693a456efe1-exec-7'), ('38:43', 'tpc-h-v3-0-0-spark-da86a693a456efe1-exec-8'), ('38:45', 'tpc-h-v3-0-0-spark-da86a693a456efe1-exec-1'), ('38:45', 'tpc-h-v3-0-0-spark-da86a693a456efe1-exec-2'), ('38:45', 'tpc-h-v3-0-0-spark-da86a693a456efe1-exec-3'), ('38:46', 'tpc-h-v3-0-0-spark-da86a693a456efe1-exec-4'), ('38:46', 'tpc-h-v3-0-0-spark-da86a693a456efe1-exec-5'), ('38:46', 'tpc-h-v3-0-0-spark-da86a693a456efe1-exec-6'), ('38:47', 'tpc-h-v3-0-0-spark-da86a693a456efe1-exec-7'), ('38:47', 'tpc-h-v3-0-0-spark-da86a693a456efe1-exec-8'), ('38:48', 'tpc-h-v3-0-0-spark-da86a693a456efe1-exec-1'), ('38:49', 'tpc-h-v3-0-0-spark-da86a693a456efe1-exec-2'), ('38:49', 'tpc-h-v3-0-0-spark-da86a693a456efe1-exec-3'), ('38:49', 'tpc-h-v3-0-0-spark-da86a693a456efe1-exec-4'), ('38:50', 'tpc-h-v3-0-0-spark-da86a693a456efe1-exec-5'), ('38:50', 'tpc-h-v3-0-0-spark-da86a693a456efe1-exec-6'), ('38:50', 'tpc-h-v3-0-0-spark-da86a693a456efe1-exec-7'), ('38:51', 'tpc-h-v3-0-0-spark-da86a693a456efe1-exec-8'), ('38:52', 'tpc-h-v3-0-0-spark-da86a693a456efe1-exec-1'), ('38:53', 'tpc-h-v3-0-0-spark-da86a693a456efe1-exec-2'), ('38:53', 'tpc-h-v3-0-0-spark-da86a693a456efe1-exec-3'), ('38:53', 'tpc-h-v3-0-0-spark-da86a693a456efe1-exec-4'), ('38:54', 'tpc-h-v3-0-0-spark-da86a693a456efe1-exec-5'), ('38:54', 'tpc-h-v3-0-0-spark-da86a693a456efe1-exec-6'), ('38:54', 'tpc-h-v3-0-0-spark-da86a693a456efe1-exec-7'), ('38:55', 'tpc-h-v3-0-0-spark-da86a693a456efe1-exec-8'), ('38:56', 'tpc-h-v3-0-0-spark-da86a693a456efe1-exec-1'), ('38:57', 'tpc-h-v3-0-0-spark-da86a693a456efe1-exec-2'), ('38:57', 'tpc-h-v3-0-0-spark-da86a693a456efe1-exec-3'), ('38:57', 'tpc-h-v3-0-0-spark-da86a693a456efe1-exec-4'), ('38:58', 'tpc-h-v3-0-0-spark-da86a693a456efe1-exec-5'), ('38:58', 'tpc-h-v3-0-0-spark-da86a693a456efe1-exec-6'), ('38:58', 'tpc-h-v3-0-0-spark-da86a693a456efe1-exec-7'), ('38:59', 'tpc-h-v3-0-0-spark-da86a693a456efe1-exec-8'), ('39:00', 'tpc-h-v3-0-0-spark-da86a693a456efe1-exec-1'), ('39:01', 'tpc-h-v3-0-0-spark-da86a693a456efe1-exec-2'), ('39:01', 'tpc-h-v3-0-0-spark-da86a693a456efe1-exec-3'), ('39:01', 'tpc-h-v3-0-0-spark-da86a693a456efe1-exec-4'), ('39:02', 'tpc-h-v3-0-0-spark-da86a693a456efe1-exec-5'), ('39:02', 'tpc-h-v3-0-0-spark-da86a693a456efe1-exec-6'), ('39:02', 'tpc-h-v3-0-0-spark-da86a693a456efe1-exec-7'), ('39:03', 'tpc-h-v3-0-0-spark-da86a693a456efe1-exec-8'), ('39:04', 'tpc-h-v3-0-0-spark-da86a693a456efe1-exec-1'), ('39:04', 'tpc-h-v3-0-0-spark-da86a693a456efe1-exec-2'), ('39:05', 'tpc-h-v3-0-0-spark-da86a693a456efe1-exec-3'), ('39:05', 'tpc-h-v3-0-0-spark-da86a693a456efe1-exec-4'), ('39:06', 'tpc-h-v3-0-0-spark-da86a693a456efe1-exec-5'), ('39:06', 'tpc-h-v3-0-0-spark-da86a693a456efe1-exec-6'), ('39:06', 'tpc-h-v3-0-0-spark-da86a693a456efe1-exec-7'), ('39:06', 'tpc-h-v3-0-0-spark-da86a693a456efe1-exec-8'), ('39:08', 'tpc-h-v3-0-0-spark-da86a693a456efe1-exec-1'), ('39:08', 'tpc-h-v3-0-0-spark-da86a693a456efe1-exec-2'), ('39:09', 'tpc-h-v3-0-0-spark-da86a693a456efe1-exec-3'), ('39:09', 'tpc-h-v3-0-0-spark-da86a693a456efe1-exec-4'), ('39:09', 'tpc-h-v3-0-0-spark-da86a693a456efe1-exec-5'), ('39:10', 'tpc-h-v3-0-0-spark-da86a693a456efe1-exec-6'), ('39:10', 'tpc-h-v3-0-0-spark-da86a693a456efe1-exec-7'), ('39:10', 'tpc-h-v3-0-0-spark-da86a693a456efe1-exec-8'), ('39:12', 'tpc-h-v3-0-0-spark-da86a693a456efe1-exec-1'), ('39:12', 'tpc-h-v3-0-0-spark-da86a693a456efe1-exec-2'), ('39:12', 'tpc-h-v3-0-0-spark-da86a693a456efe1-exec-3'), ('39:12', 'tpc-h-v3-0-0-spark-da86a693a456efe1-exec-4'), ('39:13', 'tpc-h-v3-0-0-spark-da86a693a456efe1-exec-5'), ('39:13', 'tpc-h-v3-0-0-spark-da86a693a456efe1-exec-6'), ('39:13', 'tpc-h-v3-0-0-spark-da86a693a456efe1-exec-7'), ('39:14', 'tpc-h-v3-0-0-spark-da86a693a456efe1-exec-8'), ('39:15', 'tpc-h-v3-0-0-spark-da86a693a456efe1-exec-1'), ('39:16', 'tpc-h-v3-0-0-spark-da86a693a456efe1-exec-2'), ('39:16', 'tpc-h-v3-0-0-spark-da86a693a456efe1-exec-3'), ('39:16', 'tpc-h-v3-0-0-spark-da86a693a456efe1-exec-4'), ('39:17', 'tpc-h-v3-0-0-spark-da86a693a456efe1-exec-5'), ('39:17', 'tpc-h-v3-0-0-spark-da86a693a456efe1-exec-6'), ('39:17', 'tpc-h-v3-0-0-spark-da86a693a456efe1-exec-7'), ('39:17', 'tpc-h-v3-0-0-spark-da86a693a456efe1-exec-8'), ('39:19', 'tpc-h-v3-0-0-spark-da86a693a456efe1-exec-1'), ('39:19', 'tpc-h-v3-0-0-spark-da86a693a456efe1-exec-2'), ('39:19', 'tpc-h-v3-0-0-spark-da86a693a456efe1-exec-3'), ('39:20', 'tpc-h-v3-0-0-spark-da86a693a456efe1-exec-4'), ('39:20', 'tpc-h-v3-0-0-spark-da86a693a456efe1-exec-5'), ('39:20', 'tpc-h-v3-0-0-spark-da86a693a456efe1-exec-6'), ('39:21', 'tpc-h-v3-0-0-spark-da86a693a456efe1-exec-7'), ('39:21', 'tpc-h-v3-0-0-spark-da86a693a456efe1-exec-8'), ('39:22', 'tpc-h-v3-0-0-spark-da86a693a456efe1-exec-1'), ('39:23', 'tpc-h-v3-0-0-spark-da86a693a456efe1-exec-2'), ('39:23', 'tpc-h-v3-0-0-spark-da86a693a456efe1-exec-3'), ('39:24', 'tpc-h-v3-0-0-spark-da86a693a456efe1-exec-4'), ('39:24', 'tpc-h-v3-0-0-spark-da86a693a456efe1-exec-5'), ('39:24', 'tpc-h-v3-0-0-spark-da86a693a456efe1-exec-6'), ('39:24', 'tpc-h-v3-0-0-spark-da86a693a456efe1-exec-7'), ('39:25', 'tpc-h-v3-0-0-spark-da86a693a456efe1-exec-8'), ('39:26', 'tpc-h-v3-0-0-spark-da86a693a456efe1-exec-1'), ('39:27', 'tpc-h-v3-0-0-spark-da86a693a456efe1-exec-2'), ('39:27', 'tpc-h-v3-0-0-spark-da86a693a456efe1-exec-3'), ('39:27', 'tpc-h-v3-0-0-spark-da86a693a456efe1-exec-4'), ('39:28', 'tpc-h-v3-0-0-spark-da86a693a456efe1-exec-5'), ('39:28', 'tpc-h-v3-0-0-spark-da86a693a456efe1-exec-6'), ('39:28', 'tpc-h-v3-0-0-spark-da86a693a456efe1-exec-7'), ('39:29', 'tpc-h-v3-0-0-spark-da86a693a456efe1-exec-8'), ('39:30', 'tpc-h-v3-0-0-spark-da86a693a456efe1-exec-1'), ('39:30', 'tpc-h-v3-0-0-spark-da86a693a456efe1-exec-2'), ('39:31', 'tpc-h-v3-0-0-spark-da86a693a456efe1-exec-3'), ('39:31', 'tpc-h-v3-0-0-spark-da86a693a456efe1-exec-4'), ('39:31', 'tpc-h-v3-0-0-spark-da86a693a456efe1-exec-5'), ('39:32', 'tpc-h-v3-0-0-spark-da86a693a456efe1-exec-6'), ('39:32', 'tpc-h-v3-0-0-spark-da86a693a456efe1-exec-7'), ('39:32', 'tpc-h-v3-0-0-spark-da86a693a456efe1-exec-8'), ('39:34', 'tpc-h-v3-0-0-spark-da86a693a456efe1-exec-1'), ('39:34', 'tpc-h-v3-0-0-spark-da86a693a456efe1-exec-2'), ('39:35', 'tpc-h-v3-0-0-spark-da86a693a456efe1-exec-3'), ('39:35', 'tpc-h-v3-0-0-spark-da86a693a456efe1-exec-4'), ('39:35', 'tpc-h-v3-0-0-spark-da86a693a456efe1-exec-5'), ('39:36', 'tpc-h-v3-0-0-spark-da86a693a456efe1-exec-6'), ('39:36', 'tpc-h-v3-0-0-spark-da86a693a456efe1-exec-7'), ('39:36', 'tpc-h-v3-0-0-spark-da86a693a456efe1-exec-8'), ('39:38', 'tpc-h-v3-0-0-spark-da86a693a456efe1-exec-1'), ('39:38', 'tpc-h-v3-0-0-spark-da86a693a456efe1-exec-2'), ('39:38', 'tpc-h-v3-0-0-spark-da86a693a456efe1-exec-3'), ('39:39', 'tpc-h-v3-0-0-spark-da86a693a456efe1-exec-4'), ('39:39', 'tpc-h-v3-0-0-spark-da86a693a456efe1-exec-5'), ('39:39', 'tpc-h-v3-0-0-spark-da86a693a456efe1-exec-6'), ('39:40', 'tpc-h-v3-0-0-spark-da86a693a456efe1-exec-7'), ('39:40', 'tpc-h-v3-0-0-spark-da86a693a456efe1-exec-8'), ('39:42', 'tpc-h-v3-0-0-spark-da86a693a456efe1-exec-1'), ('39:42', 'tpc-h-v3-0-0-spark-da86a693a456efe1-exec-2'), ('39:42', 'tpc-h-v3-0-0-spark-da86a693a456efe1-exec-3'), ('39:43', 'tpc-h-v3-0-0-spark-da86a693a456efe1-exec-4'), ('39:43', 'tpc-h-v3-0-0-spark-da86a693a456efe1-exec-5'), ('39:43', 'tpc-h-v3-0-0-spark-da86a693a456efe1-exec-6'), ('39:44', 'tpc-h-v3-0-0-spark-da86a693a456efe1-exec-7'), ('39:44', 'tpc-h-v3-0-0-spark-da86a693a456efe1-exec-8'), ('39:46', 'tpc-h-v3-0-0-spark-da86a693a456efe1-exec-1'), ('39:46', 'tpc-h-v3-0-0-spark-da86a693a456efe1-exec-2'), ('39:46', 'tpc-h-v3-0-0-spark-da86a693a456efe1-exec-3'), ('39:47', 'tpc-h-v3-0-0-spark-da86a693a456efe1-exec-4'), ('39:47', 'tpc-h-v3-0-0-spark-da86a693a456efe1-exec-5'), ('39:47', 'tpc-h-v3-0-0-spark-da86a693a456efe1-exec-6'), ('39:48', 'tpc-h-v3-0-0-spark-da86a693a456efe1-exec-7'), ('39:48', 'tpc-h-v3-0-0-spark-da86a693a456efe1-exec-8'), ('39:50', 'tpc-h-v3-0-0-spark-da86a693a456efe1-exec-1'), ('39:50', 'tpc-h-v3-0-0-spark-da86a693a456efe1-exec-2'), ('39:50', 'tpc-h-v3-0-0-spark-da86a693a456efe1-exec-3'), ('39:51', 'tpc-h-v3-0-0-spark-da86a693a456efe1-exec-4'), ('39:51', 'tpc-h-v3-0-0-spark-da86a693a456efe1-exec-5'), ('39:52', 'tpc-h-v3-0-0-spark-da86a693a456efe1-exec-6'), ('39:52', 'tpc-h-v3-0-0-spark-da86a693a456efe1-exec-7'), ('39:52', 'tpc-h-v3-0-0-spark-da86a693a456efe1-exec-8'), ('39:54', 'tpc-h-v3-0-0-spark-da86a693a456efe1-exec-1'), ('39:54', 'tpc-h-v3-0-0-spark-da86a693a456efe1-exec-2'), ('39:55', 'tpc-h-v3-0-0-spark-da86a693a456efe1-exec-3'), ('39:55', 'tpc-h-v3-0-0-spark-da86a693a456efe1-exec-4'), ('39:55', 'tpc-h-v3-0-0-spark-da86a693a456efe1-exec-5'), ('39:56', 'tpc-h-v3-0-0-spark-da86a693a456efe1-exec-6'), ('39:56', 'tpc-h-v3-0-0-spark-da86a693a456efe1-exec-7'), ('39:56', 'tpc-h-v3-0-0-spark-da86a693a456efe1-exec-8'), ('39:58', 'tpc-h-v3-0-0-spark-da86a693a456efe1-exec-1'), ('39:58', 'tpc-h-v3-0-0-spark-da86a693a456efe1-exec-2'), ('39:59', 'tpc-h-v3-0-0-spark-da86a693a456efe1-exec-3'), ('39:59', 'tpc-h-v3-0-0-spark-da86a693a456efe1-exec-4'), ('39:59', 'tpc-h-v3-0-0-spark-da86a693a456efe1-exec-5'), ('40:00', 'tpc-h-v3-0-0-spark-da86a693a456efe1-exec-6'), ('40:00', 'tpc-h-v3-0-0-spark-da86a693a456efe1-exec-7'), ('40:00', 'tpc-h-v3-0-0-spark-da86a693a456efe1-exec-8'), ('40:02', 'tpc-h-v3-0-0-spark-da86a693a456efe1-exec-1'), ('40:02', 'tpc-h-v3-0-0-spark-da86a693a456efe1-exec-2'), ('40:02', 'tpc-h-v3-0-0-spark-da86a693a456efe1-exec-3'), ('40:03', 'tpc-h-v3-0-0-spark-da86a693a456efe1-exec-4'), ('40:03', 'tpc-h-v3-0-0-spark-da86a693a456efe1-exec-5'), ('40:03', 'tpc-h-v3-0-0-spark-da86a693a456efe1-exec-6'), ('40:04', 'tpc-h-v3-0-0-spark-da86a693a456efe1-exec-7'), ('40:04', 'tpc-h-v3-0-0-spark-da86a693a456efe1-exec-8'), ('40:06', 'tpc-h-v3-0-0-spark-da86a693a456efe1-exec-1'), ('40:06', 'tpc-h-v3-0-0-spark-da86a693a456efe1-exec-2'), ('40:06', 'tpc-h-v3-0-0-spark-da86a693a456efe1-exec-3'), ('40:07', 'tpc-h-v3-0-0-spark-da86a693a456efe1-exec-4'), ('40:07', 'tpc-h-v3-0-0-spark-da86a693a456efe1-exec-5'), ('40:07', 'tpc-h-v3-0-0-spark-da86a693a456efe1-exec-6'), ('40:08', 'tpc-h-v3-0-0-spark-da86a693a456efe1-exec-7'), ('40:08', 'tpc-h-v3-0-0-spark-da86a693a456efe1-exec-8')]"
29,2024-12-08 03:36:26.427696,2024-12-08 03:38:01.230644,30.818666666666665,"[('37:07', 'tpc-h-v3-0-0-spark-6cb9cf93a4574682-exec-1'), ('37:18', 'tpc-h-v3-0-0-spark-6cb9cf93a4574682-exec-1'), ('37:31', 'tpc-h-v3-0-0-spark-6cb9cf93a4574682-exec-1'), ('37:44', 'tpc-h-v3-0-0-spark-6cb9cf93a4574682-exec-1')]"
