,job_id,start_time,carbon_footprint,executors,duration
0,0,2024-12-20 13:10:21.918440,180.4350000000001,"[('10:42', 'task-simulation-1f3ca893e430f907-exec-1'), ('10:42', 'task-simulation-1f3ca893e430f907-exec-2'), ('10:43', 'task-simulation-1f3ca893e430f907-exec-1'), ('10:44', 'task-simulation-1f3ca893e430f907-exec-2'), ('10:44', 'task-simulation-1f3ca893e430f907-exec-3'), ('10:44', 'task-simulation-1f3ca893e430f907-exec-4'), ('10:45', 'task-simulation-1f3ca893e430f907-exec-1'), ('10:45', 'task-simulation-1f3ca893e430f907-exec-2'), ('10:46', 'task-simulation-1f3ca893e430f907-exec-3'), ('10:46', 'task-simulation-1f3ca893e430f907-exec-4'), ('10:46', 'task-simulation-1f3ca893e430f907-exec-5'), ('10:46', 'task-simulation-1f3ca893e430f907-exec-6'), ('10:46', 'task-simulation-1f3ca893e430f907-exec-7'), ('10:46', 'task-simulation-1f3ca893e430f907-exec-8'), ('10:48', 'task-simulation-1f3ca893e430f907-exec-1'), ('10:48', 'task-simulation-1f3ca893e430f907-exec-2'), ('10:48', 'task-simulation-1f3ca893e430f907-exec-3'), ('10:48', 'task-simulation-1f3ca893e430f907-exec-4'), ('10:48', 'task-simulation-1f3ca893e430f907-exec-5'), ('10:49', 'task-simulation-1f3ca893e430f907-exec-6'), ('10:49', 'task-simulation-1f3ca893e430f907-exec-7'), ('10:49', 'task-simulation-1f3ca893e430f907-exec-8'), ('10:50', 'task-simulation-1f3ca893e430f907-exec-1'), ('10:51', 'task-simulation-1f3ca893e430f907-exec-2'), ('10:51', 'task-simulation-1f3ca893e430f907-exec-3'), ('10:51', 'task-simulation-1f3ca893e430f907-exec-4'), ('10:51', 'task-simulation-1f3ca893e430f907-exec-5'), ('10:51', 'task-simulation-1f3ca893e430f907-exec-6'), ('10:52', 'task-simulation-1f3ca893e430f907-exec-7'), ('10:52', 'task-simulation-1f3ca893e430f907-exec-8'), ('10:53', 'task-simulation-1f3ca893e430f907-exec-1'), ('10:53', 'task-simulation-1f3ca893e430f907-exec-2'), ('10:53', 'task-simulation-1f3ca893e430f907-exec-3'), ('10:54', 'task-simulation-1f3ca893e430f907-exec-4'), ('10:54', 'task-simulation-1f3ca893e430f907-exec-5'), ('10:54', 'task-simulation-1f3ca893e430f907-exec-6'), ('10:54', 'task-simulation-1f3ca893e430f907-exec-7'), ('10:54', 'task-simulation-1f3ca893e430f907-exec-8'), ('10:56', 'task-simulation-1f3ca893e430f907-exec-1'), ('10:56', 'task-simulation-1f3ca893e430f907-exec-2'), ('10:56', 'task-simulation-1f3ca893e430f907-exec-3'), ('10:56', 'task-simulation-1f3ca893e430f907-exec-4'), ('10:56', 'task-simulation-1f3ca893e430f907-exec-5'), ('10:56', 'task-simulation-1f3ca893e430f907-exec-6'), ('10:56', 'task-simulation-1f3ca893e430f907-exec-7'), ('10:57', 'task-simulation-1f3ca893e430f907-exec-8'), ('10:58', 'task-simulation-1f3ca893e430f907-exec-1'), ('10:58', 'task-simulation-1f3ca893e430f907-exec-2'), ('10:59', 'task-simulation-1f3ca893e430f907-exec-3'), ('10:59', 'task-simulation-1f3ca893e430f907-exec-4'), ('10:59', 'task-simulation-1f3ca893e430f907-exec-5'), ('10:59', 'task-simulation-1f3ca893e430f907-exec-6'), ('10:59', 'task-simulation-1f3ca893e430f907-exec-7'), ('10:59', 'task-simulation-1f3ca893e430f907-exec-8'), ('11:02', 'task-simulation-1f3ca893e430f907-exec-1'), ('11:02', 'task-simulation-1f3ca893e430f907-exec-2'), ('11:02', 'task-simulation-1f3ca893e430f907-exec-3'), ('11:02', 'task-simulation-1f3ca893e430f907-exec-4'), ('11:03', 'task-simulation-1f3ca893e430f907-exec-5'), ('11:03', 'task-simulation-1f3ca893e430f907-exec-6'), ('11:03', 'task-simulation-1f3ca893e430f907-exec-7'), ('11:03', 'task-simulation-1f3ca893e430f907-exec-8'), ('11:06', 'task-simulation-1f3ca893e430f907-exec-1'), ('11:06', 'task-simulation-1f3ca893e430f907-exec-2'), ('11:06', 'task-simulation-1f3ca893e430f907-exec-3'), ('11:07', 'task-simulation-1f3ca893e430f907-exec-4'), ('11:07', 'task-simulation-1f3ca893e430f907-exec-5'), ('11:07', 'task-simulation-1f3ca893e430f907-exec-6'), ('11:07', 'task-simulation-1f3ca893e430f907-exec-7')]",0 days 00:00:27.848225
1,1,2024-12-20 13:10:33.930960,443.0156666666664,"[('10:57', 'task-simulation-222f5193e4312488-exec-1'), ('10:57', 'task-simulation-222f5193e4312488-exec-2'), ('10:57', 'task-simulation-222f5193e4312488-exec-3'), ('11:00', 'task-simulation-222f5193e4312488-exec-1'), ('11:00', 'task-simulation-222f5193e4312488-exec-2'), ('11:00', 'task-simulation-222f5193e4312488-exec-3'), ('11:00', 'task-simulation-222f5193e4312488-exec-4'), ('11:00', 'task-simulation-222f5193e4312488-exec-5'), ('11:00', 'task-simulation-222f5193e4312488-exec-6'), ('11:00', 'task-simulation-222f5193e4312488-exec-7'), ('11:01', 'task-simulation-222f5193e4312488-exec-8'), ('11:03', 'task-simulation-222f5193e4312488-exec-1'), ('11:04', 'task-simulation-222f5193e4312488-exec-2'), ('11:04', 'task-simulation-222f5193e4312488-exec-3'), ('11:04', 'task-simulation-222f5193e4312488-exec-4'), ('11:04', 'task-simulation-222f5193e4312488-exec-5'), ('11:04', 'task-simulation-222f5193e4312488-exec-6'), ('11:04', 'task-simulation-222f5193e4312488-exec-7'), ('11:05', 'task-simulation-222f5193e4312488-exec-8'), ('11:07', 'task-simulation-222f5193e4312488-exec-1'), ('11:08', 'task-simulation-222f5193e4312488-exec-2'), ('11:08', 'task-simulation-222f5193e4312488-exec-3'), ('11:08', 'task-simulation-222f5193e4312488-exec-4'), ('11:08', 'task-simulation-222f5193e4312488-exec-5'), ('11:08', 'task-simulation-222f5193e4312488-exec-6'), ('11:08', 'task-simulation-222f5193e4312488-exec-7'), ('11:09', 'task-simulation-222f5193e4312488-exec-8'), ('11:10', 'task-simulation-222f5193e4312488-exec-1'), ('11:10', 'task-simulation-222f5193e4312488-exec-2'), ('11:10', 'task-simulation-222f5193e4312488-exec-3'), ('11:10', 'task-simulation-222f5193e4312488-exec-4'), ('11:10', 'task-simulation-222f5193e4312488-exec-5'), ('11:11', 'task-simulation-222f5193e4312488-exec-6'), ('11:11', 'task-simulation-222f5193e4312488-exec-7'), ('11:11', 'task-simulation-222f5193e4312488-exec-8'), ('11:12', 'task-simulation-222f5193e4312488-exec-1'), ('11:13', 'task-simulation-222f5193e4312488-exec-2'), ('11:13', 'task-simulation-222f5193e4312488-exec-3'), ('11:13', 'task-simulation-222f5193e4312488-exec-4'), ('11:13', 'task-simulation-222f5193e4312488-exec-5'), ('11:13', 'task-simulation-222f5193e4312488-exec-6'), ('11:13', 'task-simulation-222f5193e4312488-exec-7'), ('11:13', 'task-simulation-222f5193e4312488-exec-8'), ('11:15', 'task-simulation-222f5193e4312488-exec-1'), ('11:15', 'task-simulation-222f5193e4312488-exec-2'), ('11:15', 'task-simulation-222f5193e4312488-exec-3'), ('11:15', 'task-simulation-222f5193e4312488-exec-4'), ('11:15', 'task-simulation-222f5193e4312488-exec-5'), ('11:15', 'task-simulation-222f5193e4312488-exec-6'), ('11:16', 'task-simulation-222f5193e4312488-exec-7'), ('11:16', 'task-simulation-222f5193e4312488-exec-8'), ('11:17', 'task-simulation-222f5193e4312488-exec-1'), ('11:17', 'task-simulation-222f5193e4312488-exec-2'), ('11:17', 'task-simulation-222f5193e4312488-exec-3'), ('11:17', 'task-simulation-222f5193e4312488-exec-4'), ('11:18', 'task-simulation-222f5193e4312488-exec-5'), ('11:18', 'task-simulation-222f5193e4312488-exec-6'), ('11:18', 'task-simulation-222f5193e4312488-exec-7'), ('11:18', 'task-simulation-222f5193e4312488-exec-8'), ('11:19', 'task-simulation-222f5193e4312488-exec-1'), ('11:19', 'task-simulation-222f5193e4312488-exec-2'), ('11:20', 'task-simulation-222f5193e4312488-exec-3'), ('11:20', 'task-simulation-222f5193e4312488-exec-4'), ('11:20', 'task-simulation-222f5193e4312488-exec-5'), ('11:20', 'task-simulation-222f5193e4312488-exec-6'), ('11:20', 'task-simulation-222f5193e4312488-exec-7'), ('11:20', 'task-simulation-222f5193e4312488-exec-8'), ('11:22', 'task-simulation-222f5193e4312488-exec-1'), ('11:22', 'task-simulation-222f5193e4312488-exec-2'), ('11:22', 'task-simulation-222f5193e4312488-exec-3'), ('11:22', 'task-simulation-222f5193e4312488-exec-4'), ('11:22', 'task-simulation-222f5193e4312488-exec-5'), ('11:22', 'task-simulation-222f5193e4312488-exec-6'), ('11:23', 'task-simulation-222f5193e4312488-exec-7'), ('11:23', 'task-simulation-222f5193e4312488-exec-8'), ('11:24', 'task-simulation-222f5193e4312488-exec-1'), ('11:24', 'task-simulation-222f5193e4312488-exec-2'), ('11:24', 'task-simulation-222f5193e4312488-exec-3'), ('11:24', 'task-simulation-222f5193e4312488-exec-4'), ('11:25', 'task-simulation-222f5193e4312488-exec-5'), ('11:25', 'task-simulation-222f5193e4312488-exec-6'), ('11:25', 'task-simulation-222f5193e4312488-exec-7'), ('11:25', 'task-simulation-222f5193e4312488-exec-8'), ('11:27', 'task-simulation-222f5193e4312488-exec-1'), ('11:27', 'task-simulation-222f5193e4312488-exec-2'), ('11:27', 'task-simulation-222f5193e4312488-exec-3'), ('11:27', 'task-simulation-222f5193e4312488-exec-4'), ('11:27', 'task-simulation-222f5193e4312488-exec-5'), ('11:27', 'task-simulation-222f5193e4312488-exec-6'), ('11:27', 'task-simulation-222f5193e4312488-exec-7'), ('11:28', 'task-simulation-222f5193e4312488-exec-8'), ('11:29', 'task-simulation-222f5193e4312488-exec-1'), ('11:29', 'task-simulation-222f5193e4312488-exec-2'), ('11:29', 'task-simulation-222f5193e4312488-exec-3'), ('11:29', 'task-simulation-222f5193e4312488-exec-4'), ('11:29', 'task-simulation-222f5193e4312488-exec-5'), ('11:30', 'task-simulation-222f5193e4312488-exec-6'), ('11:30', 'task-simulation-222f5193e4312488-exec-7'), ('11:30', 'task-simulation-222f5193e4312488-exec-8'), ('11:31', 'task-simulation-222f5193e4312488-exec-1'), ('11:31', 'task-simulation-222f5193e4312488-exec-2'), ('11:32', 'task-simulation-222f5193e4312488-exec-3'), ('11:32', 'task-simulation-222f5193e4312488-exec-4'), ('11:32', 'task-simulation-222f5193e4312488-exec-5'), ('11:32', 'task-simulation-222f5193e4312488-exec-6'), ('11:32', 'task-simulation-222f5193e4312488-exec-7'), ('11:32', 'task-simulation-222f5193e4312488-exec-8'), ('11:34', 'task-simulation-222f5193e4312488-exec-1'), ('11:34', 'task-simulation-222f5193e4312488-exec-2'), ('11:34', 'task-simulation-222f5193e4312488-exec-3'), ('11:35', 'task-simulation-222f5193e4312488-exec-4'), ('11:35', 'task-simulation-222f5193e4312488-exec-5'), ('11:35', 'task-simulation-222f5193e4312488-exec-6'), ('11:35', 'task-simulation-222f5193e4312488-exec-7'), ('11:36', 'task-simulation-222f5193e4312488-exec-8'), ('11:37', 'task-simulation-222f5193e4312488-exec-1'), ('11:38', 'task-simulation-222f5193e4312488-exec-2'), ('11:38', 'task-simulation-222f5193e4312488-exec-3'), ('11:38', 'task-simulation-222f5193e4312488-exec-4'), ('11:38', 'task-simulation-222f5193e4312488-exec-5'), ('11:39', 'task-simulation-222f5193e4312488-exec-6'), ('11:39', 'task-simulation-222f5193e4312488-exec-7'), ('11:39', 'task-simulation-222f5193e4312488-exec-8'), ('11:41', 'task-simulation-222f5193e4312488-exec-1'), ('11:41', 'task-simulation-222f5193e4312488-exec-2'), ('11:41', 'task-simulation-222f5193e4312488-exec-3'), ('11:41', 'task-simulation-222f5193e4312488-exec-4'), ('11:41', 'task-simulation-222f5193e4312488-exec-5'), ('11:42', 'task-simulation-222f5193e4312488-exec-6'), ('11:42', 'task-simulation-222f5193e4312488-exec-7'), ('11:42', 'task-simulation-222f5193e4312488-exec-8'), ('11:43', 'task-simulation-222f5193e4312488-exec-1'), ('11:44', 'task-simulation-222f5193e4312488-exec-2'), ('11:44', 'task-simulation-222f5193e4312488-exec-3'), ('11:44', 'task-simulation-222f5193e4312488-exec-4'), ('11:44', 'task-simulation-222f5193e4312488-exec-5'), ('11:45', 'task-simulation-222f5193e4312488-exec-6'), ('11:45', 'task-simulation-222f5193e4312488-exec-7'), ('11:45', 'task-simulation-222f5193e4312488-exec-8'), ('11:46', 'task-simulation-222f5193e4312488-exec-1'), ('11:47', 'task-simulation-222f5193e4312488-exec-2'), ('11:47', 'task-simulation-222f5193e4312488-exec-3'), ('11:47', 'task-simulation-222f5193e4312488-exec-4'), ('11:47', 'task-simulation-222f5193e4312488-exec-5'), ('11:47', 'task-simulation-222f5193e4312488-exec-6'), ('11:47', 'task-simulation-222f5193e4312488-exec-7'), ('11:48', 'task-simulation-222f5193e4312488-exec-8'), ('11:49', 'task-simulation-222f5193e4312488-exec-1'), ('11:49', 'task-simulation-222f5193e4312488-exec-2'), ('11:49', 'task-simulation-222f5193e4312488-exec-3'), ('11:49', 'task-simulation-222f5193e4312488-exec-4'), ('11:50', 'task-simulation-222f5193e4312488-exec-5'), ('11:50', 'task-simulation-222f5193e4312488-exec-6'), ('11:50', 'task-simulation-222f5193e4312488-exec-7'), ('11:50', 'task-simulation-222f5193e4312488-exec-8'), ('11:51', 'task-simulation-222f5193e4312488-exec-1'), ('11:52', 'task-simulation-222f5193e4312488-exec-2'), ('11:52', 'task-simulation-222f5193e4312488-exec-3'), ('11:52', 'task-simulation-222f5193e4312488-exec-4'), ('11:52', 'task-simulation-222f5193e4312488-exec-5'), ('11:52', 'task-simulation-222f5193e4312488-exec-6'), ('11:52', 'task-simulation-222f5193e4312488-exec-7'), ('11:53', 'task-simulation-222f5193e4312488-exec-8'), ('11:54', 'task-simulation-222f5193e4312488-exec-1'), ('11:54', 'task-simulation-222f5193e4312488-exec-2'), ('11:55', 'task-simulation-222f5193e4312488-exec-3'), ('11:55', 'task-simulation-222f5193e4312488-exec-4'), ('11:55', 'task-simulation-222f5193e4312488-exec-5'), ('11:55', 'task-simulation-222f5193e4312488-exec-6'), ('11:55', 'task-simulation-222f5193e4312488-exec-7'), ('11:55', 'task-simulation-222f5193e4312488-exec-8'), ('11:58', 'task-simulation-222f5193e4312488-exec-1'), ('11:58', 'task-simulation-222f5193e4312488-exec-2'), ('11:58', 'task-simulation-222f5193e4312488-exec-3'), ('11:59', 'task-simulation-222f5193e4312488-exec-4'), ('11:59', 'task-simulation-222f5193e4312488-exec-5'), ('11:59', 'task-simulation-222f5193e4312488-exec-6'), ('11:59', 'task-simulation-222f5193e4312488-exec-7'), ('11:59', 'task-simulation-222f5193e4312488-exec-8')]",0 days 00:00:26.545150
2,2,2024-12-20 13:10:43.540335,2.615,"[('11:05', 'task-simulation-beed0393e4314913-exec-1')]",0 days 00:00:18.241617
3,3,2024-12-20 13:11:31.428211,285.48249999999973,"[('11:53', 'task-simulation-4be6f793e43207b0-exec-1'), ('11:56', 'task-simulation-4be6f793e43207b0-exec-1'), ('11:56', 'task-simulation-4be6f793e43207b0-exec-2'), ('11:56', 'task-simulation-4be6f793e43207b0-exec-3'), ('11:56', 'task-simulation-4be6f793e43207b0-exec-4'), ('11:56', 'task-simulation-4be6f793e43207b0-exec-5'), ('11:56', 'task-simulation-4be6f793e43207b0-exec-6'), ('11:57', 'task-simulation-4be6f793e43207b0-exec-7'), ('11:57', 'task-simulation-4be6f793e43207b0-exec-8'), ('12:00', 'task-simulation-4be6f793e43207b0-exec-1'), ('12:00', 'task-simulation-4be6f793e43207b0-exec-2'), ('12:00', 'task-simulation-4be6f793e43207b0-exec-3'), ('12:00', 'task-simulation-4be6f793e43207b0-exec-4'), ('12:01', 'task-simulation-4be6f793e43207b0-exec-5'), ('12:01', 'task-simulation-4be6f793e43207b0-exec-6'), ('12:01', 'task-simulation-4be6f793e43207b0-exec-7'), ('12:01', 'task-simulation-4be6f793e43207b0-exec-8'), ('12:02', 'task-simulation-4be6f793e43207b0-exec-1'), ('12:03', 'task-simulation-4be6f793e43207b0-exec-2'), ('12:03', 'task-simulation-4be6f793e43207b0-exec-3'), ('12:03', 'task-simulation-4be6f793e43207b0-exec-4'), ('12:03', 'task-simulation-4be6f793e43207b0-exec-5'), ('12:03', 'task-simulation-4be6f793e43207b0-exec-6'), ('12:03', 'task-simulation-4be6f793e43207b0-exec-7'), ('12:03', 'task-simulation-4be6f793e43207b0-exec-8'), ('12:06', 'task-simulation-4be6f793e43207b0-exec-1'), ('12:06', 'task-simulation-4be6f793e43207b0-exec-2'), ('12:06', 'task-simulation-4be6f793e43207b0-exec-3'), ('12:07', 'task-simulation-4be6f793e43207b0-exec-4'), ('12:07', 'task-simulation-4be6f793e43207b0-exec-5'), ('12:07', 'task-simulation-4be6f793e43207b0-exec-6'), ('12:07', 'task-simulation-4be6f793e43207b0-exec-7'), ('12:07', 'task-simulation-4be6f793e43207b0-exec-8'), ('12:10', 'task-simulation-4be6f793e43207b0-exec-1'), ('12:10', 'task-simulation-4be6f793e43207b0-exec-2'), ('12:10', 'task-simulation-4be6f793e43207b0-exec-3'), ('12:10', 'task-simulation-4be6f793e43207b0-exec-4'), ('12:10', 'task-simulation-4be6f793e43207b0-exec-5'), ('12:11', 'task-simulation-4be6f793e43207b0-exec-6'), ('12:11', 'task-simulation-4be6f793e43207b0-exec-7'), ('12:11', 'task-simulation-4be6f793e43207b0-exec-8'), ('12:13', 'task-simulation-4be6f793e43207b0-exec-1'), ('12:14', 'task-simulation-4be6f793e43207b0-exec-2'), ('12:14', 'task-simulation-4be6f793e43207b0-exec-3'), ('12:14', 'task-simulation-4be6f793e43207b0-exec-4'), ('12:14', 'task-simulation-4be6f793e43207b0-exec-5'), ('12:15', 'task-simulation-4be6f793e43207b0-exec-6'), ('12:15', 'task-simulation-4be6f793e43207b0-exec-7'), ('12:15', 'task-simulation-4be6f793e43207b0-exec-8'), ('12:17', 'task-simulation-4be6f793e43207b0-exec-1'), ('12:17', 'task-simulation-4be6f793e43207b0-exec-2'), ('12:17', 'task-simulation-4be6f793e43207b0-exec-3'), ('12:17', 'task-simulation-4be6f793e43207b0-exec-4'), ('12:17', 'task-simulation-4be6f793e43207b0-exec-5'), ('12:18', 'task-simulation-4be6f793e43207b0-exec-6'), ('12:18', 'task-simulation-4be6f793e43207b0-exec-7'), ('12:18', 'task-simulation-4be6f793e43207b0-exec-8'), ('12:19', 'task-simulation-4be6f793e43207b0-exec-1'), ('12:19', 'task-simulation-4be6f793e43207b0-exec-2'), ('12:20', 'task-simulation-4be6f793e43207b0-exec-3'), ('12:20', 'task-simulation-4be6f793e43207b0-exec-4'), ('12:20', 'task-simulation-4be6f793e43207b0-exec-5'), ('12:20', 'task-simulation-4be6f793e43207b0-exec-6'), ('12:20', 'task-simulation-4be6f793e43207b0-exec-7'), ('12:21', 'task-simulation-4be6f793e43207b0-exec-8'), ('12:22', 'task-simulation-4be6f793e43207b0-exec-1'), ('12:22', 'task-simulation-4be6f793e43207b0-exec-2'), ('12:22', 'task-simulation-4be6f793e43207b0-exec-3'), ('12:22', 'task-simulation-4be6f793e43207b0-exec-4'), ('12:23', 'task-simulation-4be6f793e43207b0-exec-5'), ('12:23', 'task-simulation-4be6f793e43207b0-exec-6'), ('12:23', 'task-simulation-4be6f793e43207b0-exec-7'), ('12:23', 'task-simulation-4be6f793e43207b0-exec-8'), ('12:25', 'task-simulation-4be6f793e43207b0-exec-1'), ('12:25', 'task-simulation-4be6f793e43207b0-exec-2'), ('12:25', 'task-simulation-4be6f793e43207b0-exec-3'), ('12:25', 'task-simulation-4be6f793e43207b0-exec-4'), ('12:25', 'task-simulation-4be6f793e43207b0-exec-5'), ('12:25', 'task-simulation-4be6f793e43207b0-exec-6'), ('12:26', 'task-simulation-4be6f793e43207b0-exec-7'), ('12:26', 'task-simulation-4be6f793e43207b0-exec-8'), ('12:27', 'task-simulation-4be6f793e43207b0-exec-1'), ('12:27', 'task-simulation-4be6f793e43207b0-exec-2'), ('12:28', 'task-simulation-4be6f793e43207b0-exec-3'), ('12:28', 'task-simulation-4be6f793e43207b0-exec-4'), ('12:28', 'task-simulation-4be6f793e43207b0-exec-5'), ('12:28', 'task-simulation-4be6f793e43207b0-exec-6'), ('12:28', 'task-simulation-4be6f793e43207b0-exec-7'), ('12:29', 'task-simulation-4be6f793e43207b0-exec-8'), ('12:30', 'task-simulation-4be6f793e43207b0-exec-1'), ('12:31', 'task-simulation-4be6f793e43207b0-exec-2'), ('12:31', 'task-simulation-4be6f793e43207b0-exec-3'), ('12:31', 'task-simulation-4be6f793e43207b0-exec-4'), ('12:31', 'task-simulation-4be6f793e43207b0-exec-5'), ('12:31', 'task-simulation-4be6f793e43207b0-exec-6'), ('12:31', 'task-simulation-4be6f793e43207b0-exec-7'), ('12:31', 'task-simulation-4be6f793e43207b0-exec-8'), ('12:34', 'task-simulation-4be6f793e43207b0-exec-1'), ('12:34', 'task-simulation-4be6f793e43207b0-exec-2'), ('12:34', 'task-simulation-4be6f793e43207b0-exec-3'), ('12:35', 'task-simulation-4be6f793e43207b0-exec-4'), ('12:35', 'task-simulation-4be6f793e43207b0-exec-5'), ('12:35', 'task-simulation-4be6f793e43207b0-exec-6'), ('12:35', 'task-simulation-4be6f793e43207b0-exec-7'), ('12:35', 'task-simulation-4be6f793e43207b0-exec-8'), ('12:38', 'task-simulation-4be6f793e43207b0-exec-1'), ('12:38', 'task-simulation-4be6f793e43207b0-exec-2'), ('12:38', 'task-simulation-4be6f793e43207b0-exec-3'), ('12:39', 'task-simulation-4be6f793e43207b0-exec-4'), ('12:39', 'task-simulation-4be6f793e43207b0-exec-5'), ('12:39', 'task-simulation-4be6f793e43207b0-exec-6'), ('12:39', 'task-simulation-4be6f793e43207b0-exec-7'), ('12:39', 'task-simulation-4be6f793e43207b0-exec-8'), ('12:42', 'task-simulation-4be6f793e43207b0-exec-1'), ('12:42', 'task-simulation-4be6f793e43207b0-exec-2'), ('12:42', 'task-simulation-4be6f793e43207b0-exec-3'), ('12:43', 'task-simulation-4be6f793e43207b0-exec-4'), ('12:43', 'task-simulation-4be6f793e43207b0-exec-5'), ('12:43', 'task-simulation-4be6f793e43207b0-exec-6'), ('12:43', 'task-simulation-4be6f793e43207b0-exec-7')]",0 days 00:00:31.442049
4,4,2024-12-20 13:11:33.926823,2.3911666666666664,"[('12:00', 'task-simulation-46919493e4321900-exec-1')]",0 days 00:00:26.023881
5,5,2024-12-20 13:11:37.195855,43.04099999999998,"[('12:04', 'task-simulation-f9a74593e4322497-exec-1'), ('12:04', 'task-simulation-f9a74593e4322497-exec-2'), ('12:04', 'task-simulation-f9a74593e4322497-exec-3'), ('12:04', 'task-simulation-f9a74593e4322497-exec-4'), ('12:04', 'task-simulation-f9a74593e4322497-exec-5'), ('12:05', 'task-simulation-f9a74593e4322497-exec-6'), ('12:07', 'task-simulation-f9a74593e4322497-exec-1'), ('12:08', 'task-simulation-f9a74593e4322497-exec-2'), ('12:08', 'task-simulation-f9a74593e4322497-exec-3'), ('12:08', 'task-simulation-f9a74593e4322497-exec-4'), ('12:08', 'task-simulation-f9a74593e4322497-exec-5'), ('12:08', 'task-simulation-f9a74593e4322497-exec-6'), ('12:11', 'task-simulation-f9a74593e4322497-exec-1'), ('12:11', 'task-simulation-f9a74593e4322497-exec-2'), ('12:12', 'task-simulation-f9a74593e4322497-exec-3'), ('12:12', 'task-simulation-f9a74593e4322497-exec-4'), ('12:12', 'task-simulation-f9a74593e4322497-exec-5'), ('12:12', 'task-simulation-f9a74593e4322497-exec-6')]",0 days 00:00:54.815053
6,6,2024-12-20 13:12:09.826278,250.6546666666665,"[('12:30', 'task-simulation-1a7adf93e4329d40-exec-1'), ('12:30', 'task-simulation-1a7adf93e4329d40-exec-3'), ('12:33', 'task-simulation-1a7adf93e4329d40-exec-1'), ('12:33', 'task-simulation-1a7adf93e4329d40-exec-2'), ('12:33', 'task-simulation-1a7adf93e4329d40-exec-3'), ('12:33', 'task-simulation-1a7adf93e4329d40-exec-4'), ('12:33', 'task-simulation-1a7adf93e4329d40-exec-5'), ('12:34', 'task-simulation-1a7adf93e4329d40-exec-6'), ('12:34', 'task-simulation-1a7adf93e4329d40-exec-7'), ('12:34', 'task-simulation-1a7adf93e4329d40-exec-8'), ('12:37', 'task-simulation-1a7adf93e4329d40-exec-1'), ('12:37', 'task-simulation-1a7adf93e4329d40-exec-2'), ('12:37', 'task-simulation-1a7adf93e4329d40-exec-3'), ('12:37', 'task-simulation-1a7adf93e4329d40-exec-4'), ('12:37', 'task-simulation-1a7adf93e4329d40-exec-5'), ('12:38', 'task-simulation-1a7adf93e4329d40-exec-6'), ('12:38', 'task-simulation-1a7adf93e4329d40-exec-7'), ('12:38', 'task-simulation-1a7adf93e4329d40-exec-8'), ('12:41', 'task-simulation-1a7adf93e4329d40-exec-1'), ('12:41', 'task-simulation-1a7adf93e4329d40-exec-2'), ('12:41', 'task-simulation-1a7adf93e4329d40-exec-3'), ('12:41', 'task-simulation-1a7adf93e4329d40-exec-4'), ('12:41', 'task-simulation-1a7adf93e4329d40-exec-5'), ('12:42', 'task-simulation-1a7adf93e4329d40-exec-6'), ('12:42', 'task-simulation-1a7adf93e4329d40-exec-7'), ('12:42', 'task-simulation-1a7adf93e4329d40-exec-8'), ('12:45', 'task-simulation-1a7adf93e4329d40-exec-1'), ('12:45', 'task-simulation-1a7adf93e4329d40-exec-2'), ('12:45', 'task-simulation-1a7adf93e4329d40-exec-3'), ('12:45', 'task-simulation-1a7adf93e4329d40-exec-4'), ('12:45', 'task-simulation-1a7adf93e4329d40-exec-5'), ('12:46', 'task-simulation-1a7adf93e4329d40-exec-6'), ('12:46', 'task-simulation-1a7adf93e4329d40-exec-7'), ('12:46', 'task-simulation-1a7adf93e4329d40-exec-8'), ('12:47', 'task-simulation-1a7adf93e4329d40-exec-1'), ('12:48', 'task-simulation-1a7adf93e4329d40-exec-2'), ('12:48', 'task-simulation-1a7adf93e4329d40-exec-3'), ('12:48', 'task-simulation-1a7adf93e4329d40-exec-4'), ('12:48', 'task-simulation-1a7adf93e4329d40-exec-5'), ('12:48', 'task-simulation-1a7adf93e4329d40-exec-6'), ('12:48', 'task-simulation-1a7adf93e4329d40-exec-7'), ('12:49', 'task-simulation-1a7adf93e4329d40-exec-8'), ('12:50', 'task-simulation-1a7adf93e4329d40-exec-1'), ('12:50', 'task-simulation-1a7adf93e4329d40-exec-2'), ('12:50', 'task-simulation-1a7adf93e4329d40-exec-3'), ('12:50', 'task-simulation-1a7adf93e4329d40-exec-4'), ('12:50', 'task-simulation-1a7adf93e4329d40-exec-5'), ('12:51', 'task-simulation-1a7adf93e4329d40-exec-6'), ('12:51', 'task-simulation-1a7adf93e4329d40-exec-7'), ('12:51', 'task-simulation-1a7adf93e4329d40-exec-8'), ('12:52', 'task-simulation-1a7adf93e4329d40-exec-1'), ('12:52', 'task-simulation-1a7adf93e4329d40-exec-2'), ('12:53', 'task-simulation-1a7adf93e4329d40-exec-3'), ('12:53', 'task-simulation-1a7adf93e4329d40-exec-4'), ('12:53', 'task-simulation-1a7adf93e4329d40-exec-5'), ('12:53', 'task-simulation-1a7adf93e4329d40-exec-6'), ('12:53', 'task-simulation-1a7adf93e4329d40-exec-7'), ('12:53', 'task-simulation-1a7adf93e4329d40-exec-8'), ('12:55', 'task-simulation-1a7adf93e4329d40-exec-1'), ('12:55', 'task-simulation-1a7adf93e4329d40-exec-2'), ('12:55', 'task-simulation-1a7adf93e4329d40-exec-3'), ('12:55', 'task-simulation-1a7adf93e4329d40-exec-4'), ('12:56', 'task-simulation-1a7adf93e4329d40-exec-5'), ('12:56', 'task-simulation-1a7adf93e4329d40-exec-6'), ('12:56', 'task-simulation-1a7adf93e4329d40-exec-7'), ('12:56', 'task-simulation-1a7adf93e4329d40-exec-8'), ('12:57', 'task-simulation-1a7adf93e4329d40-exec-1'), ('12:58', 'task-simulation-1a7adf93e4329d40-exec-2'), ('12:58', 'task-simulation-1a7adf93e4329d40-exec-3'), ('12:58', 'task-simulation-1a7adf93e4329d40-exec-4'), ('12:58', 'task-simulation-1a7adf93e4329d40-exec-5'), ('12:58', 'task-simulation-1a7adf93e4329d40-exec-6'), ('12:59', 'task-simulation-1a7adf93e4329d40-exec-7'), ('12:59', 'task-simulation-1a7adf93e4329d40-exec-8'), ('13:00', 'task-simulation-1a7adf93e4329d40-exec-1'), ('13:00', 'task-simulation-1a7adf93e4329d40-exec-2'), ('13:00', 'task-simulation-1a7adf93e4329d40-exec-3'), ('13:00', 'task-simulation-1a7adf93e4329d40-exec-4'), ('13:01', 'task-simulation-1a7adf93e4329d40-exec-5'), ('13:01', 'task-simulation-1a7adf93e4329d40-exec-6'), ('13:01', 'task-simulation-1a7adf93e4329d40-exec-7'), ('13:01', 'task-simulation-1a7adf93e4329d40-exec-8'), ('13:02', 'task-simulation-1a7adf93e4329d40-exec-1'), ('13:03', 'task-simulation-1a7adf93e4329d40-exec-2'), ('13:03', 'task-simulation-1a7adf93e4329d40-exec-3'), ('13:03', 'task-simulation-1a7adf93e4329d40-exec-4'), ('13:03', 'task-simulation-1a7adf93e4329d40-exec-5'), ('13:03', 'task-simulation-1a7adf93e4329d40-exec-6'), ('13:03', 'task-simulation-1a7adf93e4329d40-exec-7'), ('13:04', 'task-simulation-1a7adf93e4329d40-exec-8'), ('13:05', 'task-simulation-1a7adf93e4329d40-exec-1'), ('13:05', 'task-simulation-1a7adf93e4329d40-exec-2'), ('13:05', 'task-simulation-1a7adf93e4329d40-exec-3'), ('13:05', 'task-simulation-1a7adf93e4329d40-exec-4'), ('13:05', 'task-simulation-1a7adf93e4329d40-exec-5'), ('13:06', 'task-simulation-1a7adf93e4329d40-exec-6'), ('13:06', 'task-simulation-1a7adf93e4329d40-exec-7'), ('13:06', 'task-simulation-1a7adf93e4329d40-exec-8'), ('13:07', 'task-simulation-1a7adf93e4329d40-exec-1'), ('13:07', 'task-simulation-1a7adf93e4329d40-exec-2'), ('13:08', 'task-simulation-1a7adf93e4329d40-exec-3'), ('13:08', 'task-simulation-1a7adf93e4329d40-exec-4'), ('13:08', 'task-simulation-1a7adf93e4329d40-exec-5'), ('13:08', 'task-simulation-1a7adf93e4329d40-exec-6'), ('13:08', 'task-simulation-1a7adf93e4329d40-exec-7'), ('13:08', 'task-simulation-1a7adf93e4329d40-exec-8')]",0 days 00:00:54.142882
7,7,2024-12-20 13:12:19.380028,2.3646666666666665,"[('12:41', 'task-simulation-07e19193e432bed1-exec-1')]",0 days 00:01:54.221333
8,8,2024-12-20 13:13:15.696681,6.8025,"[('13:34', 'task-simulation-64460893e4339976-exec-1'), ('13:35', 'task-simulation-64460893e4339976-exec-1'), ('13:37', 'task-simulation-64460893e4339976-exec-1')]",0 days 00:00:56.794764
9,9,2024-12-20 13:13:35.380825,6.8025,"[('13:54', 'task-simulation-0e3aec93e433e9ee-exec-1'), ('13:56', 'task-simulation-0e3aec93e433e9ee-exec-1'), ('13:57', 'task-simulation-0e3aec93e433e9ee-exec-1')]",0 days 00:01:05.497551
10,10,2024-12-20 13:13:55.845596,6.8025,"[('14:14', 'task-simulation-1adda293e43439d7-exec-1'), ('14:16', 'task-simulation-1adda293e43439d7-exec-1'), ('14:17', 'task-simulation-1adda293e43439d7-exec-1')]",0 days 00:01:08.284165
11,11,2024-12-20 13:14:27.701305,6.605500000000001,"[('14:45', 'task-simulation-e108dc93e434b271-exec-1'), ('14:47', 'task-simulation-e108dc93e434b271-exec-1'), ('14:48', 'task-simulation-e108dc93e434b271-exec-1')]",0 days 00:00:31.746350
12,12,2024-12-20 13:14:34.685484,0.0,[],0 days 00:00:27.679789
13,13,2024-12-20 13:14:39.430069,79.26600000000005,"[('14:57', 'task-simulation-e6b38593e434e165-exec-1'), ('14:58', 'task-simulation-e6b38593e434e165-exec-1'), ('14:58', 'task-simulation-e6b38593e434e165-exec-3'), ('15:00', 'task-simulation-e6b38593e434e165-exec-1'), ('15:00', 'task-simulation-e6b38593e434e165-exec-2'), ('15:00', 'task-simulation-e6b38593e434e165-exec-3'), ('15:00', 'task-simulation-e6b38593e434e165-exec-5'), ('15:00', 'task-simulation-e6b38593e434e165-exec-6'), ('15:02', 'task-simulation-e6b38593e434e165-exec-1'), ('15:02', 'task-simulation-e6b38593e434e165-exec-2'), ('15:02', 'task-simulation-e6b38593e434e165-exec-3'), ('15:02', 'task-simulation-e6b38593e434e165-exec-4'), ('15:02', 'task-simulation-e6b38593e434e165-exec-5'), ('15:03', 'task-simulation-e6b38593e434e165-exec-6'), ('15:03', 'task-simulation-e6b38593e434e165-exec-7'), ('15:04', 'task-simulation-e6b38593e434e165-exec-1'), ('15:04', 'task-simulation-e6b38593e434e165-exec-2'), ('15:04', 'task-simulation-e6b38593e434e165-exec-3'), ('15:05', 'task-simulation-e6b38593e434e165-exec-4'), ('15:05', 'task-simulation-e6b38593e434e165-exec-5'), ('15:05', 'task-simulation-e6b38593e434e165-exec-6'), ('15:05', 'task-simulation-e6b38593e434e165-exec-7'), ('15:07', 'task-simulation-e6b38593e434e165-exec-1'), ('15:07', 'task-simulation-e6b38593e434e165-exec-2'), ('15:07', 'task-simulation-e6b38593e434e165-exec-3'), ('15:07', 'task-simulation-e6b38593e434e165-exec-4'), ('15:07', 'task-simulation-e6b38593e434e165-exec-5'), ('15:08', 'task-simulation-e6b38593e434e165-exec-6'), ('15:08', 'task-simulation-e6b38593e434e165-exec-7'), ('15:10', 'task-simulation-e6b38593e434e165-exec-1'), ('15:10', 'task-simulation-e6b38593e434e165-exec-2'), ('15:10', 'task-simulation-e6b38593e434e165-exec-3'), ('15:11', 'task-simulation-e6b38593e434e165-exec-4'), ('15:11', 'task-simulation-e6b38593e434e165-exec-5'), ('15:11', 'task-simulation-e6b38593e434e165-exec-6'), ('15:11', 'task-simulation-e6b38593e434e165-exec-7')]",0 days 00:01:46.298736
14,14,2024-12-20 13:14:45.475065,11.009166666666667,"[('15:06', 'task-simulation-3973f193e434fed3-exec-1'), ('15:09', 'task-simulation-3973f193e434fed3-exec-1'), ('15:09', 'task-simulation-3973f193e434fed3-exec-2'), ('15:10', 'task-simulation-3973f193e434fed3-exec-3'), ('15:10', 'task-simulation-3973f193e434fed3-exec-4')]",0 days 00:00:36.873474
15,15,2024-12-20 13:15:06.678794,0.0,[],0 days 00:00:36.481723
16,16,2024-12-20 13:15:15.268784,0.0,[],0 days 00:00:19.708945
17,17,2024-12-20 13:15:16.541767,6.276,"[('15:36', 'task-simulation-bef4f493e43579b3-exec-1'), ('15:37', 'task-simulation-bef4f493e43579b3-exec-1'), ('15:39', 'task-simulation-bef4f493e43579b3-exec-1')]",0 days 00:00:18.644520
18,18,2024-12-20 13:15:20.275940,54.39199999999998,"[('15:41', 'task-simulation-bd36d993e43588bf-exec-1'), ('15:42', 'task-simulation-bd36d993e43588bf-exec-3'), ('15:43', 'task-simulation-bd36d993e43588bf-exec-1'), ('15:43', 'task-simulation-bd36d993e43588bf-exec-2'), ('15:43', 'task-simulation-bd36d993e43588bf-exec-3'), ('15:43', 'task-simulation-bd36d993e43588bf-exec-4'), ('15:45', 'task-simulation-bd36d993e43588bf-exec-1'), ('15:45', 'task-simulation-bd36d993e43588bf-exec-2'), ('15:45', 'task-simulation-bd36d993e43588bf-exec-3'), ('15:45', 'task-simulation-bd36d993e43588bf-exec-4'), ('15:46', 'task-simulation-bd36d993e43588bf-exec-1'), ('15:47', 'task-simulation-bd36d993e43588bf-exec-2'), ('15:47', 'task-simulation-bd36d993e43588bf-exec-3'), ('15:47', 'task-simulation-bd36d993e43588bf-exec-4'), ('15:48', 'task-simulation-bd36d993e43588bf-exec-1'), ('15:48', 'task-simulation-bd36d993e43588bf-exec-2'), ('15:48', 'task-simulation-bd36d993e43588bf-exec-3'), ('15:49', 'task-simulation-bd36d993e43588bf-exec-4'), ('15:50', 'task-simulation-bd36d993e43588bf-exec-1'), ('15:50', 'task-simulation-bd36d993e43588bf-exec-2'), ('15:50', 'task-simulation-bd36d993e43588bf-exec-3'), ('15:50', 'task-simulation-bd36d993e43588bf-exec-4'), ('15:52', 'task-simulation-bd36d993e43588bf-exec-1'), ('15:52', 'task-simulation-bd36d993e43588bf-exec-2'), ('15:52', 'task-simulation-bd36d993e43588bf-exec-3'), ('15:52', 'task-simulation-bd36d993e43588bf-exec-4')]",0 days 00:00:28.298709
19,19,2024-12-20 13:16:20.278633,42.053333333333335,"[('16:39', 'task-simulation-afac9d93e4366ca4-exec-1'), ('16:40', 'task-simulation-afac9d93e4366ca4-exec-3'), ('16:41', 'task-simulation-afac9d93e4366ca4-exec-1'), ('16:41', 'task-simulation-afac9d93e4366ca4-exec-2'), ('16:42', 'task-simulation-afac9d93e4366ca4-exec-3'), ('16:42', 'task-simulation-afac9d93e4366ca4-exec-5'), ('16:42', 'task-simulation-afac9d93e4366ca4-exec-6'), ('16:43', 'task-simulation-afac9d93e4366ca4-exec-1'), ('16:43', 'task-simulation-afac9d93e4366ca4-exec-2'), ('16:44', 'task-simulation-afac9d93e4366ca4-exec-3'), ('16:44', 'task-simulation-afac9d93e4366ca4-exec-4'), ('16:44', 'task-simulation-afac9d93e4366ca4-exec-5'), ('16:44', 'task-simulation-afac9d93e4366ca4-exec-6'), ('16:45', 'task-simulation-afac9d93e4366ca4-exec-1'), ('16:46', 'task-simulation-afac9d93e4366ca4-exec-2'), ('16:46', 'task-simulation-afac9d93e4366ca4-exec-3'), ('16:46', 'task-simulation-afac9d93e4366ca4-exec-4'), ('16:46', 'task-simulation-afac9d93e4366ca4-exec-5'), ('16:46', 'task-simulation-afac9d93e4366ca4-exec-6')]",0 days 00:00:19.993464
20,20,2024-12-20 13:16:33.224353,200.23200000000028,"[('16:53', 'task-simulation-19e85593e4369f63-exec-1'), ('16:54', 'task-simulation-19e85593e4369f63-exec-1'), ('16:55', 'task-simulation-19e85593e4369f63-exec-2'), ('16:55', 'task-simulation-19e85593e4369f63-exec-3'), ('16:55', 'task-simulation-19e85593e4369f63-exec-4'), ('16:56', 'task-simulation-19e85593e4369f63-exec-5'), ('16:56', 'task-simulation-19e85593e4369f63-exec-7'), ('16:58', 'task-simulation-19e85593e4369f63-exec-1'), ('16:58', 'task-simulation-19e85593e4369f63-exec-2'), ('16:58', 'task-simulation-19e85593e4369f63-exec-3'), ('16:58', 'task-simulation-19e85593e4369f63-exec-4'), ('16:59', 'task-simulation-19e85593e4369f63-exec-5'), ('16:59', 'task-simulation-19e85593e4369f63-exec-6'), ('17:00', 'task-simulation-19e85593e4369f63-exec-7'), ('17:00', 'task-simulation-19e85593e4369f63-exec-8'), ('17:02', 'task-simulation-19e85593e4369f63-exec-1'), ('17:02', 'task-simulation-19e85593e4369f63-exec-2'), ('17:02', 'task-simulation-19e85593e4369f63-exec-3'), ('17:03', 'task-simulation-19e85593e4369f63-exec-4'), ('17:03', 'task-simulation-19e85593e4369f63-exec-5'), ('17:03', 'task-simulation-19e85593e4369f63-exec-6'), ('17:03', 'task-simulation-19e85593e4369f63-exec-7'), ('17:04', 'task-simulation-19e85593e4369f63-exec-8'), ('17:05', 'task-simulation-19e85593e4369f63-exec-1'), ('17:05', 'task-simulation-19e85593e4369f63-exec-2'), ('17:05', 'task-simulation-19e85593e4369f63-exec-3'), ('17:05', 'task-simulation-19e85593e4369f63-exec-4'), ('17:06', 'task-simulation-19e85593e4369f63-exec-5'), ('17:06', 'task-simulation-19e85593e4369f63-exec-6'), ('17:06', 'task-simulation-19e85593e4369f63-exec-7'), ('17:06', 'task-simulation-19e85593e4369f63-exec-8'), ('17:07', 'task-simulation-19e85593e4369f63-exec-1'), ('17:07', 'task-simulation-19e85593e4369f63-exec-2'), ('17:08', 'task-simulation-19e85593e4369f63-exec-3'), ('17:08', 'task-simulation-19e85593e4369f63-exec-4'), ('17:08', 'task-simulation-19e85593e4369f63-exec-5'), ('17:08', 'task-simulation-19e85593e4369f63-exec-6'), ('17:08', 'task-simulation-19e85593e4369f63-exec-7'), ('17:08', 'task-simulation-19e85593e4369f63-exec-8'), ('17:10', 'task-simulation-19e85593e4369f63-exec-1'), ('17:10', 'task-simulation-19e85593e4369f63-exec-2'), ('17:10', 'task-simulation-19e85593e4369f63-exec-3'), ('17:10', 'task-simulation-19e85593e4369f63-exec-4'), ('17:10', 'task-simulation-19e85593e4369f63-exec-5'), ('17:11', 'task-simulation-19e85593e4369f63-exec-6'), ('17:11', 'task-simulation-19e85593e4369f63-exec-7'), ('17:11', 'task-simulation-19e85593e4369f63-exec-8'), ('17:12', 'task-simulation-19e85593e4369f63-exec-1'), ('17:13', 'task-simulation-19e85593e4369f63-exec-2'), ('17:13', 'task-simulation-19e85593e4369f63-exec-3'), ('17:13', 'task-simulation-19e85593e4369f63-exec-4'), ('17:14', 'task-simulation-19e85593e4369f63-exec-5'), ('17:14', 'task-simulation-19e85593e4369f63-exec-6'), ('17:14', 'task-simulation-19e85593e4369f63-exec-7'), ('17:14', 'task-simulation-19e85593e4369f63-exec-8'), ('17:16', 'task-simulation-19e85593e4369f63-exec-1'), ('17:16', 'task-simulation-19e85593e4369f63-exec-2'), ('17:16', 'task-simulation-19e85593e4369f63-exec-3'), ('17:16', 'task-simulation-19e85593e4369f63-exec-4'), ('17:17', 'task-simulation-19e85593e4369f63-exec-5'), ('17:17', 'task-simulation-19e85593e4369f63-exec-6'), ('17:17', 'task-simulation-19e85593e4369f63-exec-7'), ('17:17', 'task-simulation-19e85593e4369f63-exec-8'), ('17:19', 'task-simulation-19e85593e4369f63-exec-1'), ('17:19', 'task-simulation-19e85593e4369f63-exec-2'), ('17:19', 'task-simulation-19e85593e4369f63-exec-3'), ('17:19', 'task-simulation-19e85593e4369f63-exec-4'), ('17:20', 'task-simulation-19e85593e4369f63-exec-5'), ('17:20', 'task-simulation-19e85593e4369f63-exec-6'), ('17:20', 'task-simulation-19e85593e4369f63-exec-7'), ('17:20', 'task-simulation-19e85593e4369f63-exec-8'), ('17:22', 'task-simulation-19e85593e4369f63-exec-1'), ('17:22', 'task-simulation-19e85593e4369f63-exec-2'), ('17:22', 'task-simulation-19e85593e4369f63-exec-3'), ('17:22', 'task-simulation-19e85593e4369f63-exec-4'), ('17:23', 'task-simulation-19e85593e4369f63-exec-5'), ('17:23', 'task-simulation-19e85593e4369f63-exec-6'), ('17:23', 'task-simulation-19e85593e4369f63-exec-7'), ('17:23', 'task-simulation-19e85593e4369f63-exec-8'), ('17:24', 'task-simulation-19e85593e4369f63-exec-1'), ('17:24', 'task-simulation-19e85593e4369f63-exec-2'), ('17:25', 'task-simulation-19e85593e4369f63-exec-3'), ('17:25', 'task-simulation-19e85593e4369f63-exec-4'), ('17:25', 'task-simulation-19e85593e4369f63-exec-5'), ('17:25', 'task-simulation-19e85593e4369f63-exec-6'), ('17:25', 'task-simulation-19e85593e4369f63-exec-7'), ('17:26', 'task-simulation-19e85593e4369f63-exec-8')]",0 days 00:00:27.471995
21,21,2024-12-20 13:16:48.994833,2.213333333333334,"[('17:14', 'task-simulation-51253893e436efb6-exec-1')]",0 days 00:00:26.297714
22,22,2024-12-20 13:16:50.160804,2.213333333333334,"[('17:18', 'task-simulation-f4466693e436f807-exec-1')]",0 days 00:00:26.163893
23,23,2024-12-20 13:16:51.439264,4.426666666666667,"[('17:17', 'task-simulation-a04b4e93e436fe85-exec-1'), ('17:20', 'task-simulation-a04b4e93e436fe85-exec-1')]",0 days 00:00:55.402255
24,24,2024-12-20 13:17:09.880352,363.5325000000007,"[('17:30', 'task-simulation-d0997493e43732f4-exec-1'), ('17:31', 'task-simulation-d0997493e43732f4-exec-2'), ('17:32', 'task-simulation-d0997493e43732f4-exec-1'), ('17:32', 'task-simulation-d0997493e43732f4-exec-2'), ('17:32', 'task-simulation-d0997493e43732f4-exec-3'), ('17:33', 'task-simulation-d0997493e43732f4-exec-4'), ('17:33', 'task-simulation-d0997493e43732f4-exec-5'), ('17:33', 'task-simulation-d0997493e43732f4-exec-6'), ('17:33', 'task-simulation-d0997493e43732f4-exec-7'), ('17:34', 'task-simulation-d0997493e43732f4-exec-1'), ('17:35', 'task-simulation-d0997493e43732f4-exec-2'), ('17:35', 'task-simulation-d0997493e43732f4-exec-3'), ('17:35', 'task-simulation-d0997493e43732f4-exec-4'), ('17:35', 'task-simulation-d0997493e43732f4-exec-5'), ('17:35', 'task-simulation-d0997493e43732f4-exec-6'), ('17:35', 'task-simulation-d0997493e43732f4-exec-7'), ('17:35', 'task-simulation-d0997493e43732f4-exec-8'), ('17:37', 'task-simulation-d0997493e43732f4-exec-1'), ('17:37', 'task-simulation-d0997493e43732f4-exec-2'), ('17:37', 'task-simulation-d0997493e43732f4-exec-3'), ('17:37', 'task-simulation-d0997493e43732f4-exec-4'), ('17:37', 'task-simulation-d0997493e43732f4-exec-5'), ('17:38', 'task-simulation-d0997493e43732f4-exec-6'), ('17:38', 'task-simulation-d0997493e43732f4-exec-7'), ('17:38', 'task-simulation-d0997493e43732f4-exec-8'), ('17:39', 'task-simulation-d0997493e43732f4-exec-1'), ('17:40', 'task-simulation-d0997493e43732f4-exec-2'), ('17:40', 'task-simulation-d0997493e43732f4-exec-3'), ('17:40', 'task-simulation-d0997493e43732f4-exec-4'), ('17:40', 'task-simulation-d0997493e43732f4-exec-5'), ('17:40', 'task-simulation-d0997493e43732f4-exec-6'), ('17:40', 'task-simulation-d0997493e43732f4-exec-7'), ('17:41', 'task-simulation-d0997493e43732f4-exec-8'), ('17:42', 'task-simulation-d0997493e43732f4-exec-1'), ('17:42', 'task-simulation-d0997493e43732f4-exec-2'), ('17:42', 'task-simulation-d0997493e43732f4-exec-3'), ('17:42', 'task-simulation-d0997493e43732f4-exec-4'), ('17:43', 'task-simulation-d0997493e43732f4-exec-5'), ('17:43', 'task-simulation-d0997493e43732f4-exec-6'), ('17:43', 'task-simulation-d0997493e43732f4-exec-7'), ('17:43', 'task-simulation-d0997493e43732f4-exec-8'), ('17:44', 'task-simulation-d0997493e43732f4-exec-1'), ('17:45', 'task-simulation-d0997493e43732f4-exec-2'), ('17:45', 'task-simulation-d0997493e43732f4-exec-3'), ('17:45', 'task-simulation-d0997493e43732f4-exec-4'), ('17:45', 'task-simulation-d0997493e43732f4-exec-5'), ('17:45', 'task-simulation-d0997493e43732f4-exec-6'), ('17:45', 'task-simulation-d0997493e43732f4-exec-7'), ('17:46', 'task-simulation-d0997493e43732f4-exec-8'), ('17:47', 'task-simulation-d0997493e43732f4-exec-1'), ('17:47', 'task-simulation-d0997493e43732f4-exec-2'), ('17:47', 'task-simulation-d0997493e43732f4-exec-3'), ('17:48', 'task-simulation-d0997493e43732f4-exec-4'), ('17:48', 'task-simulation-d0997493e43732f4-exec-5'), ('17:48', 'task-simulation-d0997493e43732f4-exec-6'), ('17:48', 'task-simulation-d0997493e43732f4-exec-7'), ('17:48', 'task-simulation-d0997493e43732f4-exec-8'), ('17:50', 'task-simulation-d0997493e43732f4-exec-1'), ('17:50', 'task-simulation-d0997493e43732f4-exec-2'), ('17:50', 'task-simulation-d0997493e43732f4-exec-3'), ('17:50', 'task-simulation-d0997493e43732f4-exec-4'), ('17:50', 'task-simulation-d0997493e43732f4-exec-5'), ('17:50', 'task-simulation-d0997493e43732f4-exec-6'), ('17:51', 'task-simulation-d0997493e43732f4-exec-7'), ('17:51', 'task-simulation-d0997493e43732f4-exec-8'), ('17:52', 'task-simulation-d0997493e43732f4-exec-1'), ('17:52', 'task-simulation-d0997493e43732f4-exec-2'), ('17:52', 'task-simulation-d0997493e43732f4-exec-3'), ('17:52', 'task-simulation-d0997493e43732f4-exec-4'), ('17:53', 'task-simulation-d0997493e43732f4-exec-5'), ('17:53', 'task-simulation-d0997493e43732f4-exec-6'), ('17:53', 'task-simulation-d0997493e43732f4-exec-7'), ('17:53', 'task-simulation-d0997493e43732f4-exec-8'), ('17:54', 'task-simulation-d0997493e43732f4-exec-1'), ('17:55', 'task-simulation-d0997493e43732f4-exec-2'), ('17:55', 'task-simulation-d0997493e43732f4-exec-3'), ('17:55', 'task-simulation-d0997493e43732f4-exec-4'), ('17:55', 'task-simulation-d0997493e43732f4-exec-5'), ('17:55', 'task-simulation-d0997493e43732f4-exec-6'), ('17:55', 'task-simulation-d0997493e43732f4-exec-7'), ('17:56', 'task-simulation-d0997493e43732f4-exec-8'), ('17:57', 'task-simulation-d0997493e43732f4-exec-1'), ('17:57', 'task-simulation-d0997493e43732f4-exec-2'), ('17:57', 'task-simulation-d0997493e43732f4-exec-3'), ('17:57', 'task-simulation-d0997493e43732f4-exec-4'), ('17:58', 'task-simulation-d0997493e43732f4-exec-5'), ('17:58', 'task-simulation-d0997493e43732f4-exec-6'), ('17:58', 'task-simulation-d0997493e43732f4-exec-7'), ('17:58', 'task-simulation-d0997493e43732f4-exec-8'), ('18:00', 'task-simulation-d0997493e43732f4-exec-1'), ('18:00', 'task-simulation-d0997493e43732f4-exec-2'), ('18:00', 'task-simulation-d0997493e43732f4-exec-3'), ('18:00', 'task-simulation-d0997493e43732f4-exec-4'), ('18:00', 'task-simulation-d0997493e43732f4-exec-5'), ('18:00', 'task-simulation-d0997493e43732f4-exec-6'), ('18:00', 'task-simulation-d0997493e43732f4-exec-7'), ('18:01', 'task-simulation-d0997493e43732f4-exec-8'), ('18:02', 'task-simulation-d0997493e43732f4-exec-1'), ('18:02', 'task-simulation-d0997493e43732f4-exec-2'), ('18:02', 'task-simulation-d0997493e43732f4-exec-3'), ('18:02', 'task-simulation-d0997493e43732f4-exec-4'), ('18:03', 'task-simulation-d0997493e43732f4-exec-5'), ('18:03', 'task-simulation-d0997493e43732f4-exec-6'), ('18:03', 'task-simulation-d0997493e43732f4-exec-7'), ('18:03', 'task-simulation-d0997493e43732f4-exec-8'), ('18:05', 'task-simulation-d0997493e43732f4-exec-1'), ('18:05', 'task-simulation-d0997493e43732f4-exec-2'), ('18:05', 'task-simulation-d0997493e43732f4-exec-3'), ('18:05', 'task-simulation-d0997493e43732f4-exec-4'), ('18:05', 'task-simulation-d0997493e43732f4-exec-5'), ('18:05', 'task-simulation-d0997493e43732f4-exec-6'), ('18:06', 'task-simulation-d0997493e43732f4-exec-7'), ('18:06', 'task-simulation-d0997493e43732f4-exec-8'), ('18:07', 'task-simulation-d0997493e43732f4-exec-1'), ('18:07', 'task-simulation-d0997493e43732f4-exec-2'), ('18:07', 'task-simulation-d0997493e43732f4-exec-3'), ('18:08', 'task-simulation-d0997493e43732f4-exec-4'), ('18:08', 'task-simulation-d0997493e43732f4-exec-5'), ('18:08', 'task-simulation-d0997493e43732f4-exec-6'), ('18:08', 'task-simulation-d0997493e43732f4-exec-7'), ('18:08', 'task-simulation-d0997493e43732f4-exec-8'), ('18:10', 'task-simulation-d0997493e43732f4-exec-1'), ('18:10', 'task-simulation-d0997493e43732f4-exec-2'), ('18:10', 'task-simulation-d0997493e43732f4-exec-3'), ('18:10', 'task-simulation-d0997493e43732f4-exec-4'), ('18:10', 'task-simulation-d0997493e43732f4-exec-5'), ('18:10', 'task-simulation-d0997493e43732f4-exec-6'), ('18:11', 'task-simulation-d0997493e43732f4-exec-7'), ('18:11', 'task-simulation-d0997493e43732f4-exec-8'), ('18:12', 'task-simulation-d0997493e43732f4-exec-1'), ('18:12', 'task-simulation-d0997493e43732f4-exec-2'), ('18:12', 'task-simulation-d0997493e43732f4-exec-3'), ('18:13', 'task-simulation-d0997493e43732f4-exec-4'), ('18:13', 'task-simulation-d0997493e43732f4-exec-5'), ('18:13', 'task-simulation-d0997493e43732f4-exec-6')]",0 days 00:00:29.186126
